alter session set container = XEPDB1;

-- Special characters such as the ampersand will result in prompt without this directive.
SET DEFINE OFF;

-- Populate Application
insert into SRM_OWNER.APPLICATION (APPLICATION_ID, NAME) values (1, 'Readiness');
insert into SRM_OWNER.APPLICATION (APPLICATION_ID, NAME) values (2, 'Downtime');
insert into SRM_OWNER.APPLICATION (APPLICATION_ID, NAME) values (3, 'Problem Report');
insert into SRM_OWNER.APPLICATION (APPLICATION_ID, NAME) values (4, 'ePAS');

-- Populate Status
insert into SRM_OWNER.STATUS (STATUS_ID, NAME) values (0, 'Not Applicable');
insert into SRM_OWNER.STATUS (STATUS_ID, NAME) values (1, 'Ready');
insert into SRM_OWNER.STATUS (STATUS_ID, NAME) values (50, 'Checked');
insert into SRM_OWNER.STATUS (STATUS_ID, NAME) values (100, 'Not Ready');
insert into SRM_OWNER.STATUS (STATUS_ID, NAME) values (150, 'Masked (Director)');
insert into SRM_OWNER.STATUS (STATUS_ID, NAME) values (200, 'Masked (Crew Chief)');
insert into SRM_OWNER.STATUS (STATUS_ID, NAME) values (250, 'Masked (Administrator)');

-- Populate Region
insert into SRM_OWNER.REGION (REGION_ID, NAME, ALIAS, WEIGHT) values (1, 'Injector', '0I,1I,2I,3I,0L,1D,2D,3D,4D,5D,0R', 10);
insert into SRM_OWNER.REGION (REGION_ID, NAME, ALIAS, WEIGHT) values (2, 'North Linac', '1L,3L,5L,7L,9L,BL,NL', 20);
insert into SRM_OWNER.REGION (REGION_ID, NAME, ALIAS, WEIGHT) values (3, 'NE', '1S,3S,5S,7S,9S,BT', 30);
insert into SRM_OWNER.REGION (REGION_ID, NAME, ALIAS, WEIGHT) values (4, 'ARC1', '1A', 40);
insert into SRM_OWNER.REGION (REGION_ID, NAME, ALIAS, WEIGHT) values (5, 'SE', '1R,3R,5R,7R,9R', 50);
insert into SRM_OWNER.REGION (REGION_ID, NAME, ALIAS, WEIGHT) values (6, 'South Linac', '2L,4L,6L,8L,AL,SL', 60);
insert into SRM_OWNER.REGION (REGION_ID, NAME, ALIAS, WEIGHT) values (7, 'SW', '2S,4S,6S,8S,AS', 70);
insert into SRM_OWNER.REGION (REGION_ID, NAME, ALIAS, WEIGHT) values (8, 'ARC2', '2A', 80);
insert into SRM_OWNER.REGION (REGION_ID, NAME, ALIAS, WEIGHT) values (9, 'NW', '2R,4R,6R,8R,AR', 90);
insert into SRM_OWNER.REGION (REGION_ID, NAME, ALIAS, WEIGHT) values (10, 'ARC3', '3A', 100);
insert into SRM_OWNER.REGION (REGION_ID, NAME, ALIAS, WEIGHT) values (11, 'ARC4', '4A', 110);
insert into SRM_OWNER.REGION (REGION_ID, NAME, ALIAS, WEIGHT) values (12, 'ARC5', '5A', 120);
insert into SRM_OWNER.REGION (REGION_ID, NAME, ALIAS, WEIGHT) values (13, 'ARC6', '6A', 130);
insert into SRM_OWNER.REGION (REGION_ID, NAME, ALIAS, WEIGHT) values (14, 'ARC7', '7A', 140);
insert into SRM_OWNER.REGION (REGION_ID, NAME, ALIAS, WEIGHT) values (15, 'ARC8', '8A', 150);
insert into SRM_OWNER.REGION (REGION_ID, NAME, ALIAS, WEIGHT) values (16, 'ARC9', '9A', 160);
insert into SRM_OWNER.REGION (REGION_ID, NAME, ALIAS, WEIGHT) values (17, 'Extraction South', '2E,4E,6E,8E,AE', 170);
insert into SRM_OWNER.REGION (REGION_ID, NAME, ALIAS, WEIGHT) values (18, 'Test Lab', 'TL Bldg. 58', 1000);
insert into SRM_OWNER.REGION (REGION_ID, NAME, ALIAS, WEIGHT) values (19, 'Beam Switchyard / Transport', 'BSY,4C,4H,2T,4T,6T,8T,AT', 190);
insert into SRM_OWNER.REGION (REGION_ID, NAME, ALIAS, WEIGHT) values (20, 'Hall A Line', '1P,1C', 200);
insert into SRM_OWNER.REGION (REGION_ID, NAME, ALIAS, WEIGHT) values (21, 'Hall B Line', '2C', 210);
insert into SRM_OWNER.REGION (REGION_ID, NAME, ALIAS, WEIGHT) values (22, 'Hall C Line', '3P,3C', 220);
insert into SRM_OWNER.REGION (REGION_ID, NAME, ALIAS, WEIGHT) values (23, 'Hall A', '1H', 230);
insert into SRM_OWNER.REGION (REGION_ID, NAME, ALIAS, WEIGHT) values (24, 'Hall B', '2M,2H', 240);
insert into SRM_OWNER.REGION (REGION_ID, NAME, ALIAS, WEIGHT) values (25, 'Hall C', '3M,3H', 250);
insert into SRM_OWNER.REGION (REGION_ID, NAME, ALIAS, WEIGHT) values (26, 'ARC10', 'AA', 260);
insert into SRM_OWNER.REGION (REGION_ID, NAME, ALIAS, WEIGHT) values (27, 'Extraction North', 'BS,1E,3E,5E,7E,9E,BE', 270);
insert into SRM_OWNER.REGION (REGION_ID, NAME, ALIAS, WEIGHT) values (28, 'Hall D Line', '5C,AD', 280);
insert into SRM_OWNER.REGION (REGION_ID, NAME, ALIAS, WEIGHT) values (29, 'Hall D', '5H', 290);
insert into SRM_OWNER.REGION (REGION_ID, NAME, ALIAS, WEIGHT) values (30, 'Site Wide', 'Other', 2000);
insert into SRM_OWNER.REGION (REGION_ID, NAME, ALIAS, WEIGHT) values (31, 'LERF Vault', 'Bldg. 18', 1010);
insert into SRM_OWNER.REGION (REGION_ID, NAME, ALIAS, WEIGHT) values (32, 'LERF Gallery', 'Bldg. 18', 1010);
insert into SRM_OWNER.REGION (REGION_ID, NAME, ALIAS, WEIGHT) values (33, 'Experimental Equipment Lab', 'EEL Bldg. 90', 1000);
insert into SRM_OWNER.REGION (REGION_ID, NAME, ALIAS, WEIGHT) values (34, 'Central Helium Liquefier', 'CHL Bldg. 8', 1000);
insert into SRM_OWNER.REGION (REGION_ID, NAME, ALIAS, WEIGHT) values (35, 'LERF Gun Test Stand', 'GTS Bldg. 18', 1010);
insert into SRM_OWNER.REGION (REGION_ID, NAME, ALIAS, WEIGHT) values (36, 'Cryogenics Test Facility', 'CTF Bldg. 57', 1000);
insert into SRM_OWNER.REGION (REGION_ID, NAME, ALIAS, WEIGHT) values (37, 'Central Utility Plant', 'CUP Bldg. 60', 1000);
insert into SRM_OWNER.REGION (REGION_ID, NAME, ALIAS, WEIGHT) values (38, 'South Extractor Service', 'W1 Bldg. 82', 1000);
insert into SRM_OWNER.REGION (REGION_ID, NAME, ALIAS, WEIGHT) values (39, 'Hall A Beam Dump Cooling', 'Bldg. 91', 1000);
insert into SRM_OWNER.REGION (REGION_ID, NAME, ALIAS, WEIGHT) values (40, 'Hall C Beam Dump Cooling', 'Bldg. 95', 1000);
insert into SRM_OWNER.REGION (REGION_ID, NAME, ALIAS, WEIGHT) values (41, 'ABC Counting House', 'Bldg. 97', 1000);
insert into SRM_OWNER.REGION (REGION_ID, NAME, ALIAS, WEIGHT) values (42, 'End Station Refrigeration', 'ESR Bldg. 102/104', 1000);
insert into SRM_OWNER.REGION (REGION_ID, NAME, ALIAS, WEIGHT) values (43, 'Hall D Refrigeration', 'Bldg. 201', 1000);
insert into SRM_OWNER.REGION (REGION_ID, NAME, ALIAS, WEIGHT) values (44, 'UITF Vault', 'TL Bldg. 58', 1500);

-- Populate Beam Destinations
insert into SRM_OWNER.BEAM_DESTINATION (BEAM_DESTINATION_ID, NAME, WEIGHT, TARGET_YN) values (1, '500KeV Dump (IDL1D00)', 100, 'N');
insert into SRM_OWNER.BEAM_DESTINATION (BEAM_DESTINATION_ID, NAME, WEIGHT, TARGET_YN) values (2, '5MeV Dump (IDL2D00)', 200, 'N');
insert into SRM_OWNER.BEAM_DESTINATION (BEAM_DESTINATION_ID, NAME, WEIGHT, TARGET_YN) values (3, 'Inline Dump (SDL0R08)', 300, 'N');
insert into SRM_OWNER.BEAM_DESTINATION (BEAM_DESTINATION_ID, NAME, WEIGHT, TARGET_YN) values (4, 'BSY Dump (IBD4C00) [1 pass]', 475, 'N');
insert into SRM_OWNER.BEAM_DESTINATION (BEAM_DESTINATION_ID, NAME, WEIGHT, TARGET_YN) values (5, 'BSY Dump (IBD4C00) [5 pass]', 500, 'N');
insert into SRM_OWNER.BEAM_DESTINATION (BEAM_DESTINATION_ID, NAME, WEIGHT, TARGET_YN) values (6, 'Hall A', 600, 'Y');
insert into SRM_OWNER.BEAM_DESTINATION (BEAM_DESTINATION_ID, NAME, WEIGHT, TARGET_YN) values (7, 'Hall B', 700, 'Y');
insert into SRM_OWNER.BEAM_DESTINATION (BEAM_DESTINATION_ID, NAME, WEIGHT, TARGET_YN) values (8, 'Hall C', 800, 'Y');
insert into SRM_OWNER.BEAM_DESTINATION (BEAM_DESTINATION_ID, NAME, WEIGHT, TARGET_YN) values (9, 'Hall D', 900, 'Y');
insert into SRM_OWNER.BEAM_DESTINATION (BEAM_DESTINATION_ID, NAME, WEIGHT, TARGET_YN) values (10, '2R Dumplette (IDA2R02)', 450, 'N');
insert into SRM_OWNER.BEAM_DESTINATION (BEAM_DESTINATION_ID, NAME, WEIGHT, TARGET_YN) values (11, 'HV Gun [No Beam]', 10, 'N');
insert into SRM_OWNER.BEAM_DESTINATION (BEAM_DESTINATION_ID, NAME, WEIGHT, TARGET_YN) values (12, 'Hall D Tagger Dump (IBDAD00)', 850, 'N');
insert into SRM_OWNER.BEAM_DESTINATION (BEAM_DESTINATION_ID, NAME, WEIGHT, TARGET_YN) values (13, '1R Dumplette (IDA1R02)', 350, 'N');
insert into SRM_OWNER.BEAM_DESTINATION (BEAM_DESTINATION_ID, NAME, WEIGHT, TARGET_YN) values (15, 'Hall D Dumplette (IDA5C00)', 845, 'N');
insert into SRM_OWNER.BEAM_DESTINATION (BEAM_DESTINATION_ID, NAME, WEIGHT, TARGET_YN) values (16, 'Hall B Tagger Dump (TAGGERB)', 650, 'N');
insert into SRM_OWNER.BEAM_DESTINATION (BEAM_DESTINATION_ID, NAME, WEIGHT, TARGET_YN) values (17, 'Hall B Faraday Cup (IFY2H04)', 675, 'N');
insert into SRM_OWNER.BEAM_DESTINATION (BEAM_DESTINATION_ID, NAME, WEIGHT, TARGET_YN) values (18, 'LERF 0G Tune/Moeller Dump', 9990, 'N');
insert into SRM_OWNER.BEAM_DESTINATION (BEAM_DESTINATION_ID, NAME, WEIGHT, TARGET_YN) values (19, 'LERF 2G 100MeV SA Dump (IDC2G00)', 9996, 'N');
insert into SRM_OWNER.BEAM_DESTINATION (BEAM_DESTINATION_ID, NAME, WEIGHT, TARGET_YN) values (21, 'Mott Dump (IDL3D00)', 150, 'N');
insert into SRM_OWNER.BEAM_DESTINATION (BEAM_DESTINATION_ID, NAME, WEIGHT, TARGET_YN) values (22, '5D Line (IPD5D01)', 250, 'N');
insert into SRM_OWNER.BEAM_DESTINATION (BEAM_DESTINATION_ID, NAME, WEIGHT, TARGET_YN) values (23, 'Gun Test Stand', 99999, 'N');
insert into SRM_OWNER.BEAM_DESTINATION (BEAM_DESTINATION_ID, NAME, WEIGHT, TARGET_YN) values (24, 'LERF 1G Dump (IDC1G03)', 10000, 'N');
insert into SRM_OWNER.BEAM_DESTINATION (BEAM_DESTINATION_ID, NAME, WEIGHT, TARGET_YN) values (25, 'Hall B Dumplette (IDA2C04)', 645, 'N');
insert into SRM_OWNER.BEAM_DESTINATION (BEAM_DESTINATION_ID, NAME, WEIGHT, TARGET_YN) values (26, 'LERF 1G ER Dump (IDC1G03) [UV line]', 10001, 'N');
insert into SRM_OWNER.BEAM_DESTINATION (BEAM_DESTINATION_ID, NAME, WEIGHT, TARGET_YN) values (27, 'Faraday Cup #2 (IFY0L03)', 275, 'N');
insert into SRM_OWNER.BEAM_DESTINATION (BEAM_DESTINATION_ID, NAME, WEIGHT, TARGET_YN) values (28, '4D Line (IDL4D00)', 290, 'N');
insert into SRM_OWNER.BEAM_DESTINATION (BEAM_DESTINATION_ID, NAME, WEIGHT, TARGET_YN) values (29, 'Hall A Shield Wall', 570, 'N');
insert into SRM_OWNER.BEAM_DESTINATION (BEAM_DESTINATION_ID, NAME, WEIGHT, TARGET_YN) values (30, 'Hall B Shield Wall', 646, 'N');
insert into SRM_OWNER.BEAM_DESTINATION (BEAM_DESTINATION_ID, NAME, WEIGHT, TARGET_YN) values (31, 'Hall C Shield Wall', 795, 'N');
insert into SRM_OWNER.BEAM_DESTINATION (BEAM_DESTINATION_ID, NAME, WEIGHT, TARGET_YN) values (32, 'Hall D Shield Wall', 895, 'N');
insert into SRM_OWNER.BEAM_DESTINATION (BEAM_DESTINATION_ID, NAME, WEIGHT, TARGET_YN) values (33, 'LERF 1G Dump (IDC1G03) [Isotope]', 10002, 'N');
insert into SRM_OWNER.BEAM_DESTINATION (BEAM_DESTINATION_ID, NAME, WEIGHT, TARGET_YN) values (50, 'UITF KeV Beam Dump (IDLK501)', 20000, 'N');
insert into SRM_OWNER.BEAM_DESTINATION (BEAM_DESTINATION_ID, NAME, WEIGHT, TARGET_YN) values (54, 'UITF MeV (IDLM601) [Waist Height]', 20005, 'N');
insert into SRM_OWNER.BEAM_DESTINATION (BEAM_DESTINATION_ID, NAME, WEIGHT, TARGET_YN) values (55, 'UITF MeV Spectrometer Beam Dump (IDLM703)', 20010, 'N');
insert into SRM_OWNER.BEAM_DESTINATION (BEAM_DESTINATION_ID, NAME, WEIGHT, TARGET_YN) values (60, 'UITF HDIce (IDLMB02) [Elevated]', 20020, 'N');
insert into SRM_OWNER.BEAM_DESTINATION (BEAM_DESTINATION_ID, NAME, WEIGHT, TARGET_YN) values (61, 'LERF 1X Dump', 10003, 'N');
insert into SRM_OWNER.BEAM_DESTINATION (BEAM_DESTINATION_ID, NAME, WEIGHT, TARGET_YN) values (62, 'UITF MeV Radiator Dump (IDLM606)', 20021, 'N');

-- Populate Responsible Groups
insert into SRM_OWNER.RESPONSIBLE_GROUP (GROUP_ID, NAME, DESCRIPTION, GOAL_PERCENT, LEADER_WORKGROUP) values (1, 'Magnet Measurement', 'Upstairs field measurement, QA, QC, and refurbishment of magnets.', 100, 'mgmslead');
insert into SRM_OWNER.RESPONSIBLE_GROUP (GROUP_ID, NAME, DESCRIPTION, GOAL_PERCENT, LEADER_WORKGROUP) values (2, 'Installation', 'Physical installation of devices (e.g. component placement, LCW valve installation and configuration).', 100, 'instlead');
insert into SRM_OWNER.RESPONSIBLE_GROUP (GROUP_ID, NAME, DESCRIPTION, GOAL_PERCENT, LEADER_WORKGROUP) values (3, 'Vacuum', 'Physical hookup of beam pipes and bellows. Pump down.', 100, 'vaclead');
insert into SRM_OWNER.RESPONSIBLE_GROUP (GROUP_ID, NAME, DESCRIPTION, GOAL_PERCENT, LEADER_WORKGROUP) values (4, 'Alignment', 'Physical positioning of devices.', 100, 'aliglead');
insert into SRM_OWNER.RESPONSIBLE_GROUP (GROUP_ID, NAME, DESCRIPTION, GOAL_PERCENT, LEADER_WORKGROUP) values (5, 'Hall B', 'Hall B', 100, 'hblead');
insert into SRM_OWNER.RESPONSIBLE_GROUP (GROUP_ID, NAME, DESCRIPTION, GOAL_PERCENT, LEADER_WORKGROUP) values (6, 'Low Level Apps', 'LLA, IOCs.', 100, 'llaplead');
insert into SRM_OWNER.RESPONSIBLE_GROUP (GROUP_ID, NAME, DESCRIPTION, GOAL_PERCENT, LEADER_WORKGROUP) values (7, 'Hall C', 'Hall C', 100, 'hclead');
insert into SRM_OWNER.RESPONSIBLE_GROUP (GROUP_ID, NAME, DESCRIPTION, GOAL_PERCENT, LEADER_WORKGROUP) values (8, 'DC Power', 'Electrical hookup, interlock testing, polarity checks.', 100, 'dcpolead');
insert into SRM_OWNER.RESPONSIBLE_GROUP (GROUP_ID, NAME, DESCRIPTION, GOAL_PERCENT, LEADER_WORKGROUP) values (9, 'High Level Apps', 'High level application software.', 100, 'hlaplead');
insert into SRM_OWNER.RESPONSIBLE_GROUP (GROUP_ID, NAME, DESCRIPTION, GOAL_PERCENT, LEADER_WORKGROUP) values (10, 'I&C Hardware', 'Electrical hookup and instrumentation.', 100, 'iclead');
insert into SRM_OWNER.RESPONSIBLE_GROUP (GROUP_ID, NAME, DESCRIPTION, GOAL_PERCENT, LEADER_WORKGROUP) values (11, 'Hall B Beam', 'Hall B Beamline', 100, 'bbemlead');
insert into SRM_OWNER.RESPONSIBLE_GROUP (GROUP_ID, NAME, DESCRIPTION, GOAL_PERCENT, LEADER_WORKGROUP) values (12, 'Cryo', 'Verifies that Cryo Plant is producing cryogens sufficient for 2K Operation.', 100, 'cryolead');
insert into SRM_OWNER.RESPONSIBLE_GROUP (GROUP_ID, NAME, DESCRIPTION, GOAL_PERCENT, LEADER_WORKGROUP) values (13, 'SRF', 'Verifies that systems are ready for RF.', 100, 'srflead');
insert into SRM_OWNER.RESPONSIBLE_GROUP (GROUP_ID, NAME, DESCRIPTION, GOAL_PERCENT, LEADER_WORKGROUP) values (14, 'RF', 'Electrical hookup, interlock testing (including FSD p1 fault verification). RF ready to drive cavities.', 100, 'rflead');
insert into SRM_OWNER.RESPONSIBLE_GROUP (GROUP_ID, NAME, DESCRIPTION, GOAL_PERCENT, LEADER_WORKGROUP) values (15, 'SSG', 'Verifies personnel safety systems.', 100, 'ssglead');
insert into SRM_OWNER.RESPONSIBLE_GROUP (GROUP_ID, NAME, DESCRIPTION, GOAL_PERCENT, LEADER_WORKGROUP) values (16, 'Hall B Engineering', 'Hall B Engineering', 100, 'benglead');
insert into SRM_OWNER.RESPONSIBLE_GROUP (GROUP_ID, NAME, DESCRIPTION, GOAL_PERCENT, LEADER_WORKGROUP) values (17, 'Hall B DAQ', 'Hall B DAQ', 100, 'bdaqlead');
insert into SRM_OWNER.RESPONSIBLE_GROUP (GROUP_ID, NAME, DESCRIPTION, GOAL_PERCENT, LEADER_WORKGROUP) values (18, 'Hall B Controls', 'Hall B Slow Controls', 100, 'bconlead');
insert into SRM_OWNER.RESPONSIBLE_GROUP (GROUP_ID, NAME, DESCRIPTION, GOAL_PERCENT, LEADER_WORKGROUP) values (19, 'Facilities', 'Verifies buildings and utilities.', 100, 'faclead');
insert into SRM_OWNER.RESPONSIBLE_GROUP (GROUP_ID, NAME, DESCRIPTION, GOAL_PERCENT, LEADER_WORKGROUP) values (20, 'RADCON', 'Verifies radiation monitors and controls.', 100, 'radlead');
insert into SRM_OWNER.RESPONSIBLE_GROUP (GROUP_ID, NAME, DESCRIPTION, GOAL_PERCENT, LEADER_WORKGROUP) values (21, 'Ops', 'Verifies staff, procedures, alarms, and bypasses.', 100, 'opslead');
insert into SRM_OWNER.RESPONSIBLE_GROUP (GROUP_ID, NAME, DESCRIPTION, GOAL_PERCENT, LEADER_WORKGROUP) values (22, 'SysAdmin', 'Provisions File, Database, and Computational infrastructure.', 100, 'sysalead');
insert into SRM_OWNER.RESPONSIBLE_GROUP (GROUP_ID, NAME, DESCRIPTION, GOAL_PERCENT, LEADER_WORKGROUP) values (23, 'Gun (CIS)', 'Verifies Guns and Lasers.  Center for Injectors and Sources.', 100, 'gunlead');
insert into SRM_OWNER.RESPONSIBLE_GROUP (GROUP_ID, NAME, DESCRIPTION, GOAL_PERCENT, LEADER_WORKGROUP) values (24, 'HCO Committee', 'Provides final acceptance of each beam destination.', 100, 'hcolead');
insert into SRM_OWNER.RESPONSIBLE_GROUP (GROUP_ID, NAME, DESCRIPTION, GOAL_PERCENT, LEADER_WORKGROUP) values (25, 'Operability', 'Improves and Optimizes Machine Reliability and Uptime', 100, 'oability');
insert into SRM_OWNER.RESPONSIBLE_GROUP (GROUP_ID, NAME, DESCRIPTION, GOAL_PERCENT, LEADER_WORKGROUP) values (26, 'Hall B CLAS12 Calorimeter', 'Hall B CLAS12 Calorimeter', 100, 'claslead');
insert into SRM_OWNER.RESPONSIBLE_GROUP (GROUP_ID, NAME, DESCRIPTION, GOAL_PERCENT, LEADER_WORKGROUP) values (27, 'Hall B HyCal', 'Hall B HyCal', 100, 'bhyclead');
insert into SRM_OWNER.RESPONSIBLE_GROUP (GROUP_ID, NAME, DESCRIPTION, GOAL_PERCENT, LEADER_WORKGROUP) values (28, 'Hall B HPS ECal', 'Hall B HPS ECal', 100, 'becalead');
insert into SRM_OWNER.RESPONSIBLE_GROUP (GROUP_ID, NAME, DESCRIPTION, GOAL_PERCENT, LEADER_WORKGROUP) values (29, 'Hall B HPS SVT', 'Hall B HPS SVT', 100, 'bsvtlead');
insert into SRM_OWNER.RESPONSIBLE_GROUP (GROUP_ID, NAME, DESCRIPTION, GOAL_PERCENT, LEADER_WORKGROUP) values (50, 'Hall D Mechanical', 'Hall D Mechanical Systems', 100, 'dmeclead');
insert into SRM_OWNER.RESPONSIBLE_GROUP (GROUP_ID, NAME, DESCRIPTION, GOAL_PERCENT, LEADER_WORKGROUP) values (54, 'Hall D DAQ', 'Hall D Data Acquisition', 100, 'ddaqlead');
insert into SRM_OWNER.RESPONSIBLE_GROUP (GROUP_ID, NAME, DESCRIPTION, GOAL_PERCENT, LEADER_WORKGROUP) values (55, 'Hall D Detector', 'Hall D - Installation and operation of sub-detetectors', 100, 'dteclead');
insert into SRM_OWNER.RESPONSIBLE_GROUP (GROUP_ID, NAME, DESCRIPTION, GOAL_PERCENT, LEADER_WORKGROUP) values (56, 'Hall D Controls', 'Hall D slow controls, PLC, and EPICS interfaces', 100, 'dconlead');
insert into SRM_OWNER.RESPONSIBLE_GROUP (GROUP_ID, NAME, DESCRIPTION, GOAL_PERCENT, LEADER_WORKGROUP) values (57, 'Hall D Beam', 'Hall D photon beamline', 100, 'dbemlead');
insert into SRM_OWNER.RESPONSIBLE_GROUP (GROUP_ID, NAME, DESCRIPTION, GOAL_PERCENT, LEADER_WORKGROUP) values (58, 'Hall D Triggering', 'Hall D Level 1 trigger', 100, 'dtrilead');
insert into SRM_OWNER.RESPONSIBLE_GROUP (GROUP_ID, NAME, DESCRIPTION, GOAL_PERCENT, LEADER_WORKGROUP) values (59, 'Hall D Online', 'Hall D online software following DAQ', 100, 'donllead');
insert into SRM_OWNER.RESPONSIBLE_GROUP (GROUP_ID, NAME, DESCRIPTION, GOAL_PERCENT, LEADER_WORKGROUP) values (60, 'ENP Target', 'Physics Target Group', 100, 'ptarlead');
insert into SRM_OWNER.RESPONSIBLE_GROUP (GROUP_ID, NAME, DESCRIPTION, GOAL_PERCENT, LEADER_WORKGROUP) values (61, 'Hall D Solenoid', 'Hall D Solenoid Group', 100, 'dsollead');
insert into SRM_OWNER.RESPONSIBLE_GROUP (GROUP_ID, NAME, DESCRIPTION, GOAL_PERCENT, LEADER_WORKGROUP) values (62, 'ENP ESH&Q', 'Physics ESH&Q group', 100, 'peshlead');
insert into SRM_OWNER.RESPONSIBLE_GROUP (GROUP_ID, NAME, DESCRIPTION, GOAL_PERCENT, LEADER_WORKGROUP) values (75, 'CASA', 'Beam Transport', 100, 'casalead');
insert into SRM_OWNER.RESPONSIBLE_GROUP (GROUP_ID, NAME, DESCRIPTION, GOAL_PERCENT, LEADER_WORKGROUP) values (76, 'Hall A', 'Hall A', 100, 'halead');
insert into SRM_OWNER.RESPONSIBLE_GROUP (GROUP_ID, NAME, DESCRIPTION, GOAL_PERCENT, LEADER_WORKGROUP) values (77, 'Hall D', 'Hall D', 100, 'hdlead');
insert into SRM_OWNER.RESPONSIBLE_GROUP (GROUP_ID, NAME, DESCRIPTION, GOAL_PERCENT, LEADER_WORKGROUP) values (100, 'Hall Fast Electronics', 'Hall Rasters', 0, 'fastlead');
insert into SRM_OWNER.RESPONSIBLE_GROUP (GROUP_ID, NAME, DESCRIPTION, GOAL_PERCENT, LEADER_WORKGROUP) values (101, 'Hall B PRad GEM', 'Hall B PRad GEM Detector', 0, 'bgemlead');
insert into SRM_OWNER.RESPONSIBLE_GROUP (GROUP_ID, NAME, DESCRIPTION, GOAL_PERCENT, LEADER_WORKGROUP) values (102, 'Hall B CLAS12 TOF', 'Hall B CLAS12 TOF', 0, 'hlbcltof');
insert into SRM_OWNER.RESPONSIBLE_GROUP (GROUP_ID, NAME, DESCRIPTION, GOAL_PERCENT, LEADER_WORKGROUP) values (103, 'Hall B CLAS12 CND', 'Hall B CLAS12 CND', 0, 'bcndlead');
insert into SRM_OWNER.RESPONSIBLE_GROUP (GROUP_ID, NAME, DESCRIPTION, GOAL_PERCENT, LEADER_WORKGROUP) values (104, 'Hall B CLAS12 DC', 'Hall B CLAS12 DC', 0, 'bdclead');
insert into SRM_OWNER.RESPONSIBLE_GROUP (GROUP_ID, NAME, DESCRIPTION, GOAL_PERCENT, LEADER_WORKGROUP) values (105, 'Hall B CLAS12 HTCC', 'Hall B CLAS12 HTCC', 0, 'bhtclead');
insert into SRM_OWNER.RESPONSIBLE_GROUP (GROUP_ID, NAME, DESCRIPTION, GOAL_PERCENT, LEADER_WORKGROUP) values (106, 'Hall B CLAS12 LTCC', 'Hall B CLAS12 LTCC', 0, 'bltclead');
insert into SRM_OWNER.RESPONSIBLE_GROUP (GROUP_ID, NAME, DESCRIPTION, GOAL_PERCENT, LEADER_WORKGROUP) values (107, 'Hall B CLAS12 FT', 'Hall B CLAS12 FT', 0, 'bftlead');
insert into SRM_OWNER.RESPONSIBLE_GROUP (GROUP_ID, NAME, DESCRIPTION, GOAL_PERCENT, LEADER_WORKGROUP) values (108, 'Hall B CLAS12 MVT', 'Hall B CLAS12 MVT', 0, 'bmvtlead');
insert into SRM_OWNER.RESPONSIBLE_GROUP (GROUP_ID, NAME, DESCRIPTION, GOAL_PERCENT, LEADER_WORKGROUP) values (109, 'Hall B CLAS12 SVT', 'Hall B CLAS12 SVT', 0, 'bcsvlead');
insert into SRM_OWNER.RESPONSIBLE_GROUP (GROUP_ID, NAME, DESCRIPTION, GOAL_PERCENT, LEADER_WORKGROUP) values (110, 'Hall D Offline', 'Hall D offline software following DAQ', 0, 'dofflead');
insert into SRM_OWNER.RESPONSIBLE_GROUP (GROUP_ID, NAME, DESCRIPTION, GOAL_PERCENT, LEADER_WORKGROUP) values (111, 'Hall B CLAS12 RICH', 'Hall B CLAS12 RICH', 0, 'richlead');
insert into SRM_OWNER.RESPONSIBLE_GROUP (GROUP_ID, NAME, DESCRIPTION, GOAL_PERCENT, LEADER_WORKGROUP) values (112, 'Hall B CLAS12 BAND', 'Hall B CLAS12 BAND', 0, 'bbndlead');
insert into SRM_OWNER.RESPONSIBLE_GROUP (GROUP_ID, NAME, DESCRIPTION, GOAL_PERCENT, LEADER_WORKGROUP) values (113, 'Hall B HPS Hodo', 'Hall B HPS Hodo', 0, 'bhodlead');
insert into SRM_OWNER.RESPONSIBLE_GROUP (GROUP_ID, NAME, DESCRIPTION, GOAL_PERCENT, LEADER_WORKGROUP) values (114, 'Hall B Bonus 12', 'Bonus 12 Experiment', 0, 'bonlead');
insert into SRM_OWNER.RESPONSIBLE_GROUP (GROUP_ID, NAME, DESCRIPTION, GOAL_PERCENT, LEADER_WORKGROUP) values (115, 'ESH&Q', 'Environment, Safety, Health, and Quality', 0, 'eshqlead');


DROP SEQUENCE SRM_OWNER.GROUP_ID;
CREATE SEQUENCE SRM_OWNER.GROUP_ID
    INCREMENT BY 1
    START WITH 116
    NOCYCLE
	NOCACHE
	ORDER;

-- Populate Categories
insert into SRM_OWNER.CATEGORY (CATEGORY_ID, NAME, PARENT_ID, WEIGHT) values (0, 'JLAB', null, 1);
insert into SRM_OWNER.CATEGORY (CATEGORY_ID, NAME, PARENT_ID, WEIGHT) values (1, 'CEBAF', 0, 1);
insert into SRM_OWNER.CATEGORY (CATEGORY_ID, NAME, PARENT_ID, WEIGHT) values (2, 'LERF', 0, 2);
insert into SRM_OWNER.CATEGORY (CATEGORY_ID, NAME, PARENT_ID, WEIGHT) values (3, 'Other', 0, 50);
insert into SRM_OWNER.CATEGORY (CATEGORY_ID, NAME, PARENT_ID, WEIGHT) values (4, 'Cryo', 0, 3);
insert into SRM_OWNER.CATEGORY (CATEGORY_ID, NAME, PARENT_ID, WEIGHT) values (5, 'Facilities', 0, 4);
insert into SRM_OWNER.CATEGORY (CATEGORY_ID, NAME, PARENT_ID, WEIGHT) values (6, 'Gun/Laser', 1, 1000);
insert into SRM_OWNER.CATEGORY (CATEGORY_ID, NAME, PARENT_ID, WEIGHT) values (7, 'Magnets', 1, 1000);
insert into SRM_OWNER.CATEGORY (CATEGORY_ID, NAME, PARENT_ID, WEIGHT) values (8, 'Operations', 1, 1000);
insert into SRM_OWNER.CATEGORY (CATEGORY_ID, NAME, PARENT_ID, WEIGHT) values (9, 'Radiation Controls', 1, 1000);
insert into SRM_OWNER.CATEGORY (CATEGORY_ID, NAME, PARENT_ID, WEIGHT) values (10, 'Vacuum', 1, 1000);
insert into SRM_OWNER.CATEGORY (CATEGORY_ID, NAME, PARENT_ID, WEIGHT) values (11, 'Safety Systems', 1, 1000);
insert into SRM_OWNER.CATEGORY (CATEGORY_ID, NAME, PARENT_ID, WEIGHT) values (14, 'Beam Dumps', 1, 1000);
insert into SRM_OWNER.CATEGORY (CATEGORY_ID, NAME, PARENT_ID, WEIGHT) values (15, 'Info Systems', 1, 1000);
insert into SRM_OWNER.CATEGORY (CATEGORY_ID, NAME, PARENT_ID, WEIGHT) values (17, 'Diagnostics', 1, 1000);
insert into SRM_OWNER.CATEGORY (CATEGORY_ID, NAME, PARENT_ID, WEIGHT) values (18, 'RF', 1, 1000);
insert into SRM_OWNER.CATEGORY (CATEGORY_ID, NAME, PARENT_ID, WEIGHT) values (26, 'Viewers', 17, 1000);
insert into SRM_OWNER.CATEGORY (CATEGORY_ID, NAME, PARENT_ID, WEIGHT) values (27, 'BPMs', 17, 1000);
insert into SRM_OWNER.CATEGORY (CATEGORY_ID, NAME, PARENT_ID, WEIGHT) values (30, 'Current Monitors', 17, 1000);
insert into SRM_OWNER.CATEGORY (CATEGORY_ID, NAME, PARENT_ID, WEIGHT) values (31, 'Trim Supply', 7, 1000);
insert into SRM_OWNER.CATEGORY (CATEGORY_ID, NAME, PARENT_ID, WEIGHT) values (32, 'Box Supply', 7, 1000);
insert into SRM_OWNER.CATEGORY (CATEGORY_ID, NAME, PARENT_ID, WEIGHT) values (33, 'Beamline Vacuum', 10, 1000);
insert into SRM_OWNER.CATEGORY (CATEGORY_ID, NAME, PARENT_ID, WEIGHT) values (34, 'SRF Vacuum', 10, 1000);
insert into SRM_OWNER.CATEGORY (CATEGORY_ID, NAME, PARENT_ID, WEIGHT) values (35, 'Cold RF', 18, 1000);
insert into SRM_OWNER.CATEGORY (CATEGORY_ID, NAME, PARENT_ID, WEIGHT) values (41, 'PSS', 11, 1000);
insert into SRM_OWNER.CATEGORY (CATEGORY_ID, NAME, PARENT_ID, WEIGHT) values (42, 'MPS', 11, 1000);
insert into SRM_OWNER.CATEGORY (CATEGORY_ID, NAME, PARENT_ID, WEIGHT) values (43, 'BELS', 11, 1000);
insert into SRM_OWNER.CATEGORY (CATEGORY_ID, NAME, PARENT_ID, WEIGHT) values (161, 'Gun', 6, 1000);
insert into SRM_OWNER.CATEGORY (CATEGORY_ID, NAME, PARENT_ID, WEIGHT) values (162, 'Laser', 6, 1000);
insert into SRM_OWNER.CATEGORY (CATEGORY_ID, NAME, PARENT_ID, WEIGHT) values (205, 'Global Diagnostics', 17, 1000);
insert into SRM_OWNER.CATEGORY (CATEGORY_ID, NAME, PARENT_ID, WEIGHT) values (241, 'CHL', 4, 1000);
insert into SRM_OWNER.CATEGORY (CATEGORY_ID, NAME, PARENT_ID, WEIGHT) values (242, 'ENDSTATIONS', 4, 1000);
insert into SRM_OWNER.CATEGORY (CATEGORY_ID, NAME, PARENT_ID, WEIGHT) values (262, 'UPS', 15, 1000);
insert into SRM_OWNER.CATEGORY (CATEGORY_ID, NAME, PARENT_ID, WEIGHT) values (263, 'Servers', 15, 1000);
insert into SRM_OWNER.CATEGORY (CATEGORY_ID, NAME, PARENT_ID, WEIGHT) values (264, 'Network', 15, 1000);
insert into SRM_OWNER.CATEGORY (CATEGORY_ID, NAME, PARENT_ID, WEIGHT) values (281, 'Correctors', 31, 1000);
insert into SRM_OWNER.CATEGORY (CATEGORY_ID, NAME, PARENT_ID, WEIGHT) values (283, 'HVAC', 5, 1000);
insert into SRM_OWNER.CATEGORY (CATEGORY_ID, NAME, PARENT_ID, WEIGHT) values (284, 'LCW', 5, 1000);
insert into SRM_OWNER.CATEGORY (CATEGORY_ID, NAME, PARENT_ID, WEIGHT) values (285, 'Control System', 1, 1000);
insert into SRM_OWNER.CATEGORY (CATEGORY_ID, NAME, PARENT_ID, WEIGHT) values (301, 'Nature', 3, 1000);
insert into SRM_OWNER.CATEGORY (CATEGORY_ID, NAME, PARENT_ID, WEIGHT) values (302, 'Unknown/Missing', 3, 1000);
insert into SRM_OWNER.CATEGORY (CATEGORY_ID, NAME, PARENT_ID, WEIGHT) values (321, 'Software', 15, 1000);
insert into SRM_OWNER.CATEGORY (CATEGORY_ID, NAME, PARENT_ID, WEIGHT) values (381, 'Beam Transport', 3, 1);
insert into SRM_OWNER.CATEGORY (CATEGORY_ID, NAME, PARENT_ID, WEIGHT) values (401, 'Hall D', 0, 15);
insert into SRM_OWNER.CATEGORY (CATEGORY_ID, NAME, PARENT_ID, WEIGHT) values (402, 'Hall C', 0, 14);
insert into SRM_OWNER.CATEGORY (CATEGORY_ID, NAME, PARENT_ID, WEIGHT) values (403, 'Hall B', 0, 13);
insert into SRM_OWNER.CATEGORY (CATEGORY_ID, NAME, PARENT_ID, WEIGHT) values (404, 'Hall A', 0, 12);
insert into SRM_OWNER.CATEGORY (CATEGORY_ID, NAME, PARENT_ID, WEIGHT) values (405, 'Hall D Photon Beam', 401, 1000);
insert into SRM_OWNER.CATEGORY (CATEGORY_ID, NAME, PARENT_ID, WEIGHT) values (406, 'Hall D Solenoid', 401, 1000);
insert into SRM_OWNER.CATEGORY (CATEGORY_ID, NAME, PARENT_ID, WEIGHT) values (407, 'Hall D Detectors', 401, 1000);
insert into SRM_OWNER.CATEGORY (CATEGORY_ID, NAME, PARENT_ID, WEIGHT) values (461, 'Hall B Beamline', 403, 1000);
insert into SRM_OWNER.CATEGORY (CATEGORY_ID, NAME, PARENT_ID, WEIGHT) values (465, 'Hall Downtime', 3, 1000);
insert into SRM_OWNER.CATEGORY (CATEGORY_ID, NAME, PARENT_ID, WEIGHT) values (466, 'Hall B Detectors', 403, 1000);
insert into SRM_OWNER.CATEGORY (CATEGORY_ID, NAME, PARENT_ID, WEIGHT) values (467, 'Hall B HPS Detector', 466, 1000);
insert into SRM_OWNER.CATEGORY (CATEGORY_ID, NAME, PARENT_ID, WEIGHT) values (481, 'LERF Beam Dumps', 2, 1000);
insert into SRM_OWNER.CATEGORY (CATEGORY_ID, NAME, PARENT_ID, WEIGHT) values (482, 'LERF Beam Transport', 2, 1000);
insert into SRM_OWNER.CATEGORY (CATEGORY_ID, NAME, PARENT_ID, WEIGHT) values (483, 'LERF Control System', 2, 1000);
insert into SRM_OWNER.CATEGORY (CATEGORY_ID, NAME, PARENT_ID, WEIGHT) values (484, 'LERF Diagnostics', 2, 1000);
insert into SRM_OWNER.CATEGORY (CATEGORY_ID, NAME, PARENT_ID, WEIGHT) values (485, 'LERF Info Systems', 2, 1000);
insert into SRM_OWNER.CATEGORY (CATEGORY_ID, NAME, PARENT_ID, WEIGHT) values (486, 'LERF Magnets', 2, 1000);
insert into SRM_OWNER.CATEGORY (CATEGORY_ID, NAME, PARENT_ID, WEIGHT) values (487, 'LERF Operations', 2, 1000);
insert into SRM_OWNER.CATEGORY (CATEGORY_ID, NAME, PARENT_ID, WEIGHT) values (488, 'LERF RF Systems', 2, 1000);
insert into SRM_OWNER.CATEGORY (CATEGORY_ID, NAME, PARENT_ID, WEIGHT) values (489, 'LERF Radiation Control', 2, 1000);
insert into SRM_OWNER.CATEGORY (CATEGORY_ID, NAME, PARENT_ID, WEIGHT) values (490, 'LERF Safety Systems', 2, 1000);
insert into SRM_OWNER.CATEGORY (CATEGORY_ID, NAME, PARENT_ID, WEIGHT) values (491, 'LERF Gun/Laser', 2, 1000);
insert into SRM_OWNER.CATEGORY (CATEGORY_ID, NAME, PARENT_ID, WEIGHT) values (492, 'LERF Vacuum', 2, 1000);
insert into SRM_OWNER.CATEGORY (CATEGORY_ID, NAME, PARENT_ID, WEIGHT) values (494, 'LERF Software', 485, 1000);
insert into SRM_OWNER.CATEGORY (CATEGORY_ID, NAME, PARENT_ID, WEIGHT) values (495, 'LERF Box Supply', 486, 1000);
insert into SRM_OWNER.CATEGORY (CATEGORY_ID, NAME, PARENT_ID, WEIGHT) values (496, 'LERF Trim Supply', 486, 1000);
insert into SRM_OWNER.CATEGORY (CATEGORY_ID, NAME, PARENT_ID, WEIGHT) values (497, 'LERF Cold RF', 488, 1000);
insert into SRM_OWNER.CATEGORY (CATEGORY_ID, NAME, PARENT_ID, WEIGHT) values (498, 'LERF Warm RF', 488, 1000);
insert into SRM_OWNER.CATEGORY (CATEGORY_ID, NAME, PARENT_ID, WEIGHT) values (499, 'LERF MPS', 490, 1000);
insert into SRM_OWNER.CATEGORY (CATEGORY_ID, NAME, PARENT_ID, WEIGHT) values (500, 'LERF PSS', 490, 1000);
insert into SRM_OWNER.CATEGORY (CATEGORY_ID, NAME, PARENT_ID, WEIGHT) values (501, 'LERF Laser', 491, 1000);
insert into SRM_OWNER.CATEGORY (CATEGORY_ID, NAME, PARENT_ID, WEIGHT) values (502, 'LERF Gun', 491, 1000);
insert into SRM_OWNER.CATEGORY (CATEGORY_ID, NAME, PARENT_ID, WEIGHT) values (503, 'LERF Gun HV', 491, 1000);
insert into SRM_OWNER.CATEGORY (CATEGORY_ID, NAME, PARENT_ID, WEIGHT) values (504, 'LERF SRF Vacuum', 492, 1000);
insert into SRM_OWNER.CATEGORY (CATEGORY_ID, NAME, PARENT_ID, WEIGHT) values (505, 'LERF Warm Vacuum', 492, 1000);
insert into SRM_OWNER.CATEGORY (CATEGORY_ID, NAME, PARENT_ID, WEIGHT) values (521, 'Hall B PRad Detector', 466, 1000);
insert into SRM_OWNER.CATEGORY (CATEGORY_ID, NAME, PARENT_ID, WEIGHT) values (541, 'Hall B CLAS12 Detector', 466, 1000);
insert into SRM_OWNER.CATEGORY (CATEGORY_ID, NAME, PARENT_ID, WEIGHT) values (545, 'CLAS12 TOF', 541, 1000);
insert into SRM_OWNER.CATEGORY (CATEGORY_ID, NAME, PARENT_ID, WEIGHT) values (547, 'CLAS12 DC', 541, 1000);
insert into SRM_OWNER.CATEGORY (CATEGORY_ID, NAME, PARENT_ID, WEIGHT) values (561, 'Hall B SuperConducting Magnets', 403, 1000);
insert into SRM_OWNER.CATEGORY (CATEGORY_ID, NAME, PARENT_ID, WEIGHT) values (562, 'CLAS12 FT', 541, 1000);
insert into SRM_OWNER.CATEGORY (CATEGORY_ID, NAME, PARENT_ID, WEIGHT) values (564, 'CLAS12 MVT', 541, 1000);
insert into SRM_OWNER.CATEGORY (CATEGORY_ID, NAME, PARENT_ID, WEIGHT) values (582, 'Hall D Data Monitoring', 401, 1000);
insert into SRM_OWNER.CATEGORY (CATEGORY_ID, NAME, PARENT_ID, WEIGHT) values (583, 'Hall C Magnets', 402, 1000);
insert into SRM_OWNER.CATEGORY (CATEGORY_ID, NAME, PARENT_ID, WEIGHT) values (603, 'Hall A Magnets', 404, 1000);
insert into SRM_OWNER.CATEGORY (CATEGORY_ID, NAME, PARENT_ID, WEIGHT) values (604, 'Noncredited Controls', 3, 1000);
insert into SRM_OWNER.CATEGORY (CATEGORY_ID, NAME, PARENT_ID, WEIGHT) values (605, 'Level 1 Controls', 604, 1000);
insert into SRM_OWNER.CATEGORY (CATEGORY_ID, NAME, PARENT_ID, WEIGHT) values (606, 'Level 2 Controls', 604, 1000);
insert into SRM_OWNER.CATEGORY (CATEGORY_ID, NAME, PARENT_ID, WEIGHT) values (623, 'Sweep Procedures', 41, 1000);
insert into SRM_OWNER.CATEGORY (CATEGORY_ID, NAME, PARENT_ID, WEIGHT) values (643, 'UITF', 0, 20);
insert into SRM_OWNER.CATEGORY (CATEGORY_ID, NAME, PARENT_ID, WEIGHT) values (645, 'UITF Beam Dumps', 643, 100);
insert into SRM_OWNER.CATEGORY (CATEGORY_ID, NAME, PARENT_ID, WEIGHT) values (646, 'UITF Beam Transport', 643, 100);
insert into SRM_OWNER.CATEGORY (CATEGORY_ID, NAME, PARENT_ID, WEIGHT) values (647, 'UITF Control System', 643, 100);
insert into SRM_OWNER.CATEGORY (CATEGORY_ID, NAME, PARENT_ID, WEIGHT) values (648, 'UITF Diagnostics', 643, 100);
insert into SRM_OWNER.CATEGORY (CATEGORY_ID, NAME, PARENT_ID, WEIGHT) values (649, 'UITF Info Systems', 643, 100);
insert into SRM_OWNER.CATEGORY (CATEGORY_ID, NAME, PARENT_ID, WEIGHT) values (650, 'UITF Magnets', 643, 100);
insert into SRM_OWNER.CATEGORY (CATEGORY_ID, NAME, PARENT_ID, WEIGHT) values (651, 'UITF Operations', 643, 100);
insert into SRM_OWNER.CATEGORY (CATEGORY_ID, NAME, PARENT_ID, WEIGHT) values (652, 'UITF RF Systems', 643, 100);
insert into SRM_OWNER.CATEGORY (CATEGORY_ID, NAME, PARENT_ID, WEIGHT) values (653, 'UITF Radiation Control', 643, 100);
insert into SRM_OWNER.CATEGORY (CATEGORY_ID, NAME, PARENT_ID, WEIGHT) values (654, 'UITF Safety Systems', 643, 100);
insert into SRM_OWNER.CATEGORY (CATEGORY_ID, NAME, PARENT_ID, WEIGHT) values (655, 'UITF Source', 643, 100);
insert into SRM_OWNER.CATEGORY (CATEGORY_ID, NAME, PARENT_ID, WEIGHT) values (656, 'UITF Vacuum', 643, 100);
insert into SRM_OWNER.CATEGORY (CATEGORY_ID, NAME, PARENT_ID, WEIGHT) values (663, 'UITF Gun/Laser', 643, 1000);
insert into SRM_OWNER.CATEGORY (CATEGORY_ID, NAME, PARENT_ID, WEIGHT) values (664, 'UITF Gun', 663, 1000);
insert into SRM_OWNER.CATEGORY (CATEGORY_ID, NAME, PARENT_ID, WEIGHT) values (665, 'UITF Laser', 663, 1000);
insert into SRM_OWNER.CATEGORY (CATEGORY_ID, NAME, PARENT_ID, WEIGHT) values (703, 'UITF Beamline Vacuum', 656, 1000);
insert into SRM_OWNER.CATEGORY (CATEGORY_ID, NAME, PARENT_ID, WEIGHT) values (743, 'HDR', 242, 1000);

DROP SEQUENCE SRM_OWNER.CATEGORY_ID;
CREATE SEQUENCE SRM_OWNER.CATEGORY_ID
    INCREMENT BY 1
    START WITH 744
    NOCYCLE
	NOCACHE
	ORDER;

-- Populate Systems
insert into SRM_OWNER.SYSTEM (SYSTEM_ID, NAME, CATEGORY_ID, WEIGHT) values (35, 'Correctors (iron core)', 281, 1000);
insert into SRM_OWNER.SYSTEM (SYSTEM_ID, NAME, CATEGORY_ID, WEIGHT) values (36, 'Quads', 31, 1000);
insert into SRM_OWNER.SYSTEM (SYSTEM_ID, NAME, CATEGORY_ID, WEIGHT) values (37, 'Dipoles', 32, 1000);
insert into SRM_OWNER.SYSTEM (SYSTEM_ID, NAME, CATEGORY_ID, WEIGHT) values (38, 'Synchotron Light Monitors', 26, 1000);
insert into SRM_OWNER.SYSTEM (SYSTEM_ID, NAME, CATEGORY_ID, WEIGHT) values (39, 'OTR', 26, 1000);
insert into SRM_OWNER.SYSTEM (SYSTEM_ID, NAME, CATEGORY_ID, WEIGHT) values (40, 'Standard Viewers (ITV)', 26, 1000);
insert into SRM_OWNER.SYSTEM (SYSTEM_ID, NAME, CATEGORY_ID, WEIGHT) values (41, 'BPM (nanoAmp)', 27, 1000);
insert into SRM_OWNER.SYSTEM (SYSTEM_ID, NAME, CATEGORY_ID, WEIGHT) values (42, 'BPM (SEE)', 27, 1000);
insert into SRM_OWNER.SYSTEM (SYSTEM_ID, NAME, CATEGORY_ID, WEIGHT) values (43, 'BPM (Stripline)', 27, 1000);
insert into SRM_OWNER.SYSTEM (SYSTEM_ID, NAME, CATEGORY_ID, WEIGHT) values (44, 'Harps', 17, 1000);
insert into SRM_OWNER.SYSTEM (SYSTEM_ID, NAME, CATEGORY_ID, WEIGHT) values (45, 'Fast Feedback', 17, 1000);
insert into SRM_OWNER.SYSTEM (SYSTEM_ID, NAME, CATEGORY_ID, WEIGHT) values (46, 'Diagnostic BCMs', 30, 1000);
insert into SRM_OWNER.SYSTEM (SYSTEM_ID, NAME, CATEGORY_ID, WEIGHT) values (47, 'F-Cups', 30, 1000);
insert into SRM_OWNER.SYSTEM (SYSTEM_ID, NAME, CATEGORY_ID, WEIGHT) values (49, 'Beam Valves (VBV)', 33, 1000);
insert into SRM_OWNER.SYSTEM (SYSTEM_ID, NAME, CATEGORY_ID, WEIGHT) values (50, 'Fast Valves (VFV)', 33, 1000);
insert into SRM_OWNER.SYSTEM (SYSTEM_ID, NAME, CATEGORY_ID, WEIGHT) values (51, 'Ion Pumps (VIP)', 33, 1000);
insert into SRM_OWNER.SYSTEM (SYSTEM_ID, NAME, CATEGORY_ID, WEIGHT) values (52, 'Differential Pressure Stations (VDP)', 33, 1000);
insert into SRM_OWNER.SYSTEM (SYSTEM_ID, NAME, CATEGORY_ID, WEIGHT) values (53, 'SRF Insulating Vacuum', 34, 1000);
insert into SRM_OWNER.SYSTEM (SYSTEM_ID, NAME, CATEGORY_ID, WEIGHT) values (54, 'Waveguide SRF', 34, 1000);
insert into SRM_OWNER.SYSTEM (SYSTEM_ID, NAME, CATEGORY_ID, WEIGHT) values (56, 'MPS BLM', 42, 1000);
insert into SRM_OWNER.SYSTEM (SYSTEM_ID, NAME, CATEGORY_ID, WEIGHT) values (57, 'FSD', 42, 1000);
insert into SRM_OWNER.SYSTEM (SYSTEM_ID, NAME, CATEGORY_ID, WEIGHT) values (62, 'Unix Applications (HLA/Beam)', 321, 1000);
insert into SRM_OWNER.SYSTEM (SYSTEM_ID, NAME, CATEGORY_ID, WEIGHT) values (63, 'File Servers', 263, 1000);
insert into SRM_OWNER.SYSTEM (SYSTEM_ID, NAME, CATEGORY_ID, WEIGHT) values (141, 'Cryomodules', 35, 1000);
insert into SRM_OWNER.SYSTEM (SYSTEM_ID, NAME, CATEGORY_ID, WEIGHT) values (142, 'RF Cavities', 35, 1000);
insert into SRM_OWNER.SYSTEM (SYSTEM_ID, NAME, CATEGORY_ID, WEIGHT) values (167, 'Ops Documentation', 8, 1000);
insert into SRM_OWNER.SYSTEM (SYSTEM_ID, NAME, CATEGORY_ID, WEIGHT) values (169, 'Aperture (non-PSS)', 30, 1000);
insert into SRM_OWNER.SYSTEM (SYSTEM_ID, NAME, CATEGORY_ID, WEIGHT) values (170, 'Stationary Dumps', 14, 1000);
insert into SRM_OWNER.SYSTEM (SYSTEM_ID, NAME, CATEGORY_ID, WEIGHT) values (181, 'LCW System', 284, 1000);
insert into SRM_OWNER.SYSTEM (SYSTEM_ID, NAME, CATEGORY_ID, WEIGHT) values (183, 'Air System', 5, 1000);
insert into SRM_OWNER.SYSTEM (SYSTEM_ID, NAME, CATEGORY_ID, WEIGHT) values (186, 'HPA Fans', 283, 1000);
insert into SRM_OWNER.SYSTEM (SYSTEM_ID, NAME, CATEGORY_ID, WEIGHT) values (189, 'Drains/Disposal', 5, 1000);
insert into SRM_OWNER.SYSTEM (SYSTEM_ID, NAME, CATEGORY_ID, WEIGHT) values (190, 'General Ventilation (Exhaust Fans)', 283, 1000);
insert into SRM_OWNER.SYSTEM (SYSTEM_ID, NAME, CATEGORY_ID, WEIGHT) values (191, 'AC Distribution', 5, 1000);
insert into SRM_OWNER.SYSTEM (SYSTEM_ID, NAME, CATEGORY_ID, WEIGHT) values (192, 'Rack Fans', 283, 1000);
insert into SRM_OWNER.SYSTEM (SYSTEM_ID, NAME, CATEGORY_ID, WEIGHT) values (193, 'Site Fire Protection System', 5, 1000);
insert into SRM_OWNER.SYSTEM (SYSTEM_ID, NAME, CATEGORY_ID, WEIGHT) values (197, 'Database Servers', 263, 1000);
insert into SRM_OWNER.SYSTEM (SYSTEM_ID, NAME, CATEGORY_ID, WEIGHT) values (202, 'IOCs', 285, 1000);
insert into SRM_OWNER.SYSTEM (SYSTEM_ID, NAME, CATEGORY_ID, WEIGHT) values (221, 'Survey Equipment', 9, 1000);
insert into SRM_OWNER.SYSTEM (SYSTEM_ID, NAME, CATEGORY_ID, WEIGHT) values (222, 'Postings', 9, 1000);
insert into SRM_OWNER.SYSTEM (SYSTEM_ID, NAME, CATEGORY_ID, WEIGHT) values (223, 'Shielding Configuration', 9, 1000);
insert into SRM_OWNER.SYSTEM (SYSTEM_ID, NAME, CATEGORY_ID, WEIGHT) values (224, 'Penetrations', 9, 1000);
insert into SRM_OWNER.SYSTEM (SYSTEM_ID, NAME, CATEGORY_ID, WEIGHT) values (225, 'Radcon Checklists', 9, 1000);
insert into SRM_OWNER.SYSTEM (SYSTEM_ID, NAME, CATEGORY_ID, WEIGHT) values (227, '30Hz Modulation System', 205, 1000);
insert into SRM_OWNER.SYSTEM (SYSTEM_ID, NAME, CATEGORY_ID, WEIGHT) values (228, 'Beam Sync System', 205, 1000);
insert into SRM_OWNER.SYSTEM (SYSTEM_ID, NAME, CATEGORY_ID, WEIGHT) values (241, 'Radiation Monitors (PSS Interlocked)', 9, 1000);
insert into SRM_OWNER.SYSTEM (SYSTEM_ID, NAME, CATEGORY_ID, WEIGHT) values (276, 'Solenoid', 31, 1000);
insert into SRM_OWNER.SYSTEM (SYSTEM_ID, NAME, CATEGORY_ID, WEIGHT) values (277, 'Box Power Supplies', 32, 1000);
insert into SRM_OWNER.SYSTEM (SYSTEM_ID, NAME, CATEGORY_ID, WEIGHT) values (278, 'LCW Valves', 7, 1000);
insert into SRM_OWNER.SYSTEM (SYSTEM_ID, NAME, CATEGORY_ID, WEIGHT) values (281, 'Wien', 31, 1000);
insert into SRM_OWNER.SYSTEM (SYSTEM_ID, NAME, CATEGORY_ID, WEIGHT) values (283, 'Warm RF', 18, 1000);
insert into SRM_OWNER.SYSTEM (SYSTEM_ID, NAME, CATEGORY_ID, WEIGHT) values (284, 'MO System', 18, 1000);
insert into SRM_OWNER.SYSTEM (SYSTEM_ID, NAME, CATEGORY_ID, WEIGHT) values (285, 'BPM (4Channel)', 27, 1000);
insert into SRM_OWNER.SYSTEM (SYSTEM_ID, NAME, CATEGORY_ID, WEIGHT) values (296, 'Access Controls', 41, 1000);
insert into SRM_OWNER.SYSTEM (SYSTEM_ID, NAME, CATEGORY_ID, WEIGHT) values (297, 'PSS/MPS Kicker', 41, 1000);
insert into SRM_OWNER.SYSTEM (SYSTEM_ID, NAME, CATEGORY_ID, WEIGHT) values (298, 'Aperture (PSS)', 30, 1000);
insert into SRM_OWNER.SYSTEM (SYSTEM_ID, NAME, CATEGORY_ID, WEIGHT) values (299, '500keV Spectrometer Interlock', 41, 1000);
insert into SRM_OWNER.SYSTEM (SYSTEM_ID, NAME, CATEGORY_ID, WEIGHT) values (300, 'iFix Operator Screens', 41, 1000);
insert into SRM_OWNER.SYSTEM (SYSTEM_ID, NAME, CATEGORY_ID, WEIGHT) values (301, 'PSS BCMs', 41, 1000);
insert into SRM_OWNER.SYSTEM (SYSTEM_ID, NAME, CATEGORY_ID, WEIGHT) values (316, 'Ion Pumps - SRF (VIP)', 34, 1000);
insert into SRM_OWNER.SYSTEM (SYSTEM_ID, NAME, CATEGORY_ID, WEIGHT) values (319, 'CHL1', 241, 1000);
insert into SRM_OWNER.SYSTEM (SYSTEM_ID, NAME, CATEGORY_ID, WEIGHT) values (320, 'CHL2', 241, 1000);
insert into SRM_OWNER.SYSTEM (SYSTEM_ID, NAME, CATEGORY_ID, WEIGHT) values (321, 'ESR (Hall A,B,C)', 242, 1000);
insert into SRM_OWNER.SYSTEM (SYSTEM_ID, NAME, CATEGORY_ID, WEIGHT) values (323, 'Insertable Dumplettes', 14, 1000);
insert into SRM_OWNER.SYSTEM (SYSTEM_ID, NAME, CATEGORY_ID, WEIGHT) values (324, 'Thermocouple Gauges (VTC)', 33, 1000);
insert into SRM_OWNER.SYSTEM (SYSTEM_ID, NAME, CATEGORY_ID, WEIGHT) values (325, 'SRF Beamline Vacuum', 34, 1000);
insert into SRM_OWNER.SYSTEM (SYSTEM_ID, NAME, CATEGORY_ID, WEIGHT) values (326, 'RF Separators', 18, 1000);
insert into SRM_OWNER.SYSTEM (SYSTEM_ID, NAME, CATEGORY_ID, WEIGHT) values (338, 'MCC UPS', 262, 1000);
insert into SRM_OWNER.SYSTEM (SYSTEM_ID, NAME, CATEGORY_ID, WEIGHT) values (339, 'Service Bldg. UPS', 262, 1000);
insert into SRM_OWNER.SYSTEM (SYSTEM_ID, NAME, CATEGORY_ID, WEIGHT) values (340, 'Gateways', 15, 1000);
insert into SRM_OWNER.SYSTEM (SYSTEM_ID, NAME, CATEGORY_ID, WEIGHT) values (341, 'Archive Servers', 263, 1000);
insert into SRM_OWNER.SYSTEM (SYSTEM_ID, NAME, CATEGORY_ID, WEIGHT) values (342, 'VSphere Servers', 263, 1000);
insert into SRM_OWNER.SYSTEM (SYSTEM_ID, NAME, CATEGORY_ID, WEIGHT) values (343, 'Auth Servers', 263, 1000);
insert into SRM_OWNER.SYSTEM (SYSTEM_ID, NAME, CATEGORY_ID, WEIGHT) values (356, 'Network Hardware', 264, 1000);
insert into SRM_OWNER.SYSTEM (SYSTEM_ID, NAME, CATEGORY_ID, WEIGHT) values (357, 'Beam Stoppers', 41, 1000);
insert into SRM_OWNER.SYSTEM (SYSTEM_ID, NAME, CATEGORY_ID, WEIGHT) values (376, 'Shunts', 32, 1000);
insert into SRM_OWNER.SYSTEM (SYSTEM_ID, NAME, CATEGORY_ID, WEIGHT) values (396, 'Correctors (air core)', 281, 1000);
insert into SRM_OWNER.SYSTEM (SYSTEM_ID, NAME, CATEGORY_ID, WEIGHT) values (397, 'Correctors (LCW)', 281, 1000);
insert into SRM_OWNER.SYSTEM (SYSTEM_ID, NAME, CATEGORY_ID, WEIGHT) values (417, 'Air Conditioning (General Space Cooling)', 283, 1000);
insert into SRM_OWNER.SYSTEM (SYSTEM_ID, NAME, CATEGORY_ID, WEIGHT) values (418, 'Dehumidification System', 283, 1000);
insert into SRM_OWNER.SYSTEM (SYSTEM_ID, NAME, CATEGORY_ID, WEIGHT) values (419, 'CAMAC Crates', 285, 1000);
insert into SRM_OWNER.SYSTEM (SYSTEM_ID, NAME, CATEGORY_ID, WEIGHT) values (420, 'IOC Reboot Switches', 285, 1000);
insert into SRM_OWNER.SYSTEM (SYSTEM_ID, NAME, CATEGORY_ID, WEIGHT) values (421, 'Temperature Readback IOCs', 285, 1000);
insert into SRM_OWNER.SYSTEM (SYSTEM_ID, NAME, CATEGORY_ID, WEIGHT) values (422, 'Cooling Towers', 283, 1000);
insert into SRM_OWNER.SYSTEM (SYSTEM_ID, NAME, CATEGORY_ID, WEIGHT) values (423, 'Chiller Systems', 283, 1000);
insert into SRM_OWNER.SYSTEM (SYSTEM_ID, NAME, CATEGORY_ID, WEIGHT) values (424, 'Magnet Shed HVAC', 283, 1000);
insert into SRM_OWNER.SYSTEM (SYSTEM_ID, NAME, CATEGORY_ID, WEIGHT) values (425, 'Injector Tunnel Space Cooling', 283, 1000);
insert into SRM_OWNER.SYSTEM (SYSTEM_ID, NAME, CATEGORY_ID, WEIGHT) values (426, 'Injector Polarized Gun Cleanroom', 283, 1000);
insert into SRM_OWNER.SYSTEM (SYSTEM_ID, NAME, CATEGORY_ID, WEIGHT) values (427, 'Accelerator Chilled Water Loop', 283, 1000);
insert into SRM_OWNER.SYSTEM (SYSTEM_ID, NAME, CATEGORY_ID, WEIGHT) values (436, 'Acceptance', 8, 1000);
insert into SRM_OWNER.SYSTEM (SYSTEM_ID, NAME, CATEGORY_ID, WEIGHT) values (437, 'Alarm Handlers', 263, 1000);
insert into SRM_OWNER.SYSTEM (SYSTEM_ID, NAME, CATEGORY_ID, WEIGHT) values (456, 'Hall C Moeller Solenoid', 31, 1000);
insert into SRM_OWNER.SYSTEM (SYSTEM_ID, NAME, CATEGORY_ID, WEIGHT) values (457, '30Hz Sync System', 205, 1000);
insert into SRM_OWNER.SYSTEM (SYSTEM_ID, NAME, CATEGORY_ID, WEIGHT) values (476, 'BLA', 42, 1000);
insert into SRM_OWNER.SYSTEM (SYSTEM_ID, NAME, CATEGORY_ID, WEIGHT) values (496, 'EarthFieldCoil', 31, 1000);
insert into SRM_OWNER.SYSTEM (SYSTEM_ID, NAME, CATEGORY_ID, WEIGHT) values (497, 'Radiation Monitors (Non-PSS Interlocked)', 9, 1000);
insert into SRM_OWNER.SYSTEM (SYSTEM_ID, NAME, CATEGORY_ID, WEIGHT) values (498, 'Aperture (Chopping)', 30, 1000);
insert into SRM_OWNER.SYSTEM (SYSTEM_ID, NAME, CATEGORY_ID, WEIGHT) values (499, 'Gun HV', 161, 1000);
insert into SRM_OWNER.SYSTEM (SYSTEM_ID, NAME, CATEGORY_ID, WEIGHT) values (500, 'Gun Photocathode', 161, 1000);
insert into SRM_OWNER.SYSTEM (SYSTEM_ID, NAME, CATEGORY_ID, WEIGHT) values (501, 'Laser RF', 162, 1000);
insert into SRM_OWNER.SYSTEM (SYSTEM_ID, NAME, CATEGORY_ID, WEIGHT) values (502, 'Laser Table', 162, 1000);
insert into SRM_OWNER.SYSTEM (SYSTEM_ID, NAME, CATEGORY_ID, WEIGHT) values (516, 'Dipoles (Trim Powered)', 31, 1000);
insert into SRM_OWNER.SYSTEM (SYSTEM_ID, NAME, CATEGORY_ID, WEIGHT) values (536, 'Weather', 301, 1000);
insert into SRM_OWNER.SYSTEM (SYSTEM_ID, NAME, CATEGORY_ID, WEIGHT) values (538, 'Unknown/Missing', 302, 1000);
insert into SRM_OWNER.SYSTEM (SYSTEM_ID, NAME, CATEGORY_ID, WEIGHT) values (539, 'QE Scan', 161, 1000);
insert into SRM_OWNER.SYSTEM (SYSTEM_ID, NAME, CATEGORY_ID, WEIGHT) values (556, 'IOC (Low Level) Applications', 321, 1000);
insert into SRM_OWNER.SYSTEM (SYSTEM_ID, NAME, CATEGORY_ID, WEIGHT) values (558, 'Unix Applications (OPS/Util)', 321, 1000);
insert into SRM_OWNER.SYSTEM (SYSTEM_ID, NAME, CATEGORY_ID, WEIGHT) values (576, 'EDM Screens', 321, 1000);
insert into SRM_OWNER.SYSTEM (SYSTEM_ID, NAME, CATEGORY_ID, WEIGHT) values (577, 'Systems Administration', 15, 1000);
insert into SRM_OWNER.SYSTEM (SYSTEM_ID, NAME, CATEGORY_ID, WEIGHT) values (578, 'Bunchlength System', 17, 1000);
insert into SRM_OWNER.SYSTEM (SYSTEM_ID, NAME, CATEGORY_ID, WEIGHT) values (616, 'Beam Transport', 381, 1000);
insert into SRM_OWNER.SYSTEM (SYSTEM_ID, NAME, CATEGORY_ID, WEIGHT) values (636, 'Hall D Acceptance', 401, 1000);
insert into SRM_OWNER.SYSTEM (SYSTEM_ID, NAME, CATEGORY_ID, WEIGHT) values (637, 'Hall D Solenoid Pre-cooldown', 406, 1000);
insert into SRM_OWNER.SYSTEM (SYSTEM_ID, NAME, CATEGORY_ID, WEIGHT) values (638, 'Hall D Solenoid Refrigerator', 406, 1000);
insert into SRM_OWNER.SYSTEM (SYSTEM_ID, NAME, CATEGORY_ID, WEIGHT) values (639, 'Hall D Solenoid Cooldown', 406, 1000);
insert into SRM_OWNER.SYSTEM (SYSTEM_ID, NAME, CATEGORY_ID, WEIGHT) values (640, 'Hall D Solenoid Operations', 406, 1000);
insert into SRM_OWNER.SYSTEM (SYSTEM_ID, NAME, CATEGORY_ID, WEIGHT) values (641, 'Hall D Central Drift Chambers', 407, 1000);
insert into SRM_OWNER.SYSTEM (SYSTEM_ID, NAME, CATEGORY_ID, WEIGHT) values (642, 'Hall D Gas System', 407, 1000);
insert into SRM_OWNER.SYSTEM (SYSTEM_ID, NAME, CATEGORY_ID, WEIGHT) values (643, 'Hall D Forward Drift Chambers', 407, 1000);
insert into SRM_OWNER.SYSTEM (SYSTEM_ID, NAME, CATEGORY_ID, WEIGHT) values (644, 'Hall D Forward Calorimeter', 407, 1000);
insert into SRM_OWNER.SYSTEM (SYSTEM_ID, NAME, CATEGORY_ID, WEIGHT) values (645, 'Hall D Barrel Calorimeter', 407, 1000);
insert into SRM_OWNER.SYSTEM (SYSTEM_ID, NAME, CATEGORY_ID, WEIGHT) values (646, 'Hall D Time-of-Flight', 407, 1000);
insert into SRM_OWNER.SYSTEM (SYSTEM_ID, NAME, CATEGORY_ID, WEIGHT) values (647, 'Hall D Start Counter', 407, 1000);
insert into SRM_OWNER.SYSTEM (SYSTEM_ID, NAME, CATEGORY_ID, WEIGHT) values (648, 'Hall D Cryogenic Target', 405, 1000);
insert into SRM_OWNER.SYSTEM (SYSTEM_ID, NAME, CATEGORY_ID, WEIGHT) values (649, 'Hall D Total Absorption Counter', 405, 1000);
insert into SRM_OWNER.SYSTEM (SYSTEM_ID, NAME, CATEGORY_ID, WEIGHT) values (650, 'Hall D Pair Spectrometer', 405, 1000);
insert into SRM_OWNER.SYSTEM (SYSTEM_ID, NAME, CATEGORY_ID, WEIGHT) values (651, 'Hall D Photon Beamline', 405, 1000);
insert into SRM_OWNER.SYSTEM (SYSTEM_ID, NAME, CATEGORY_ID, WEIGHT) values (653, 'Hall D Radiators', 405, 1000);
insert into SRM_OWNER.SYSTEM (SYSTEM_ID, NAME, CATEGORY_ID, WEIGHT) values (654, 'Hall D Tagging Hodoscope', 405, 1000);
insert into SRM_OWNER.SYSTEM (SYSTEM_ID, NAME, CATEGORY_ID, WEIGHT) values (655, 'Hall D Beam Monitors', 405, 1000);
insert into SRM_OWNER.SYSTEM (SYSTEM_ID, NAME, CATEGORY_ID, WEIGHT) values (656, 'Hall D Tagger Magnet', 405, 1000);
insert into SRM_OWNER.SYSTEM (SYSTEM_ID, NAME, CATEGORY_ID, WEIGHT) values (657, 'Hall D Tagging Microscope', 405, 1000);
insert into SRM_OWNER.SYSTEM (SYSTEM_ID, NAME, CATEGORY_ID, WEIGHT) values (676, 'Hall D Solid Target', 405, 1000);
insert into SRM_OWNER.SYSTEM (SYSTEM_ID, NAME, CATEGORY_ID, WEIGHT) values (697, 'Hall D Vacuum', 405, 1000);
insert into SRM_OWNER.SYSTEM (SYSTEM_ID, NAME, CATEGORY_ID, WEIGHT) values (716, 'Trim Racks', 31, 1000);
insert into SRM_OWNER.SYSTEM (SYSTEM_ID, NAME, CATEGORY_ID, WEIGHT) values (736, 'Bubble Chamber', 17, 1000);
insert into SRM_OWNER.SYSTEM (SYSTEM_ID, NAME, CATEGORY_ID, WEIGHT) values (756, 'SRCCPS', 31, 1000);
insert into SRM_OWNER.SYSTEM (SYSTEM_ID, NAME, CATEGORY_ID, WEIGHT) values (757, 'ODH', 41, 1000);
insert into SRM_OWNER.SYSTEM (SYSTEM_ID, NAME, CATEGORY_ID, WEIGHT) values (758, 'BPM (Cavity)', 27, 1000);
insert into SRM_OWNER.SYSTEM (SYSTEM_ID, NAME, CATEGORY_ID, WEIGHT) values (759, 'Moeller Quads', 32, 1000);
insert into SRM_OWNER.SYSTEM (SYSTEM_ID, NAME, CATEGORY_ID, WEIGHT) values (776, 'Hall C Compton Dipoles', 32, 1000);
insert into SRM_OWNER.SYSTEM (SYSTEM_ID, NAME, CATEGORY_ID, WEIGHT) values (816, 'Rasters', 31, 1000);
insert into SRM_OWNER.SYSTEM (SYSTEM_ID, NAME, CATEGORY_ID, WEIGHT) values (817, 'Hall B Acceptance', 403, 1000);
insert into SRM_OWNER.SYSTEM (SYSTEM_ID, NAME, CATEGORY_ID, WEIGHT) values (818, 'Hall B Faraday Cup', 461, 1000);
insert into SRM_OWNER.SYSTEM (SYSTEM_ID, NAME, CATEGORY_ID, WEIGHT) values (819, 'Hall B Magnets', 461, 1000);
insert into SRM_OWNER.SYSTEM (SYSTEM_ID, NAME, CATEGORY_ID, WEIGHT) values (820, 'Hall B Vacuum', 461, 1000);
insert into SRM_OWNER.SYSTEM (SYSTEM_ID, NAME, CATEGORY_ID, WEIGHT) values (821, 'Hall B Harps', 461, 1000);
insert into SRM_OWNER.SYSTEM (SYSTEM_ID, NAME, CATEGORY_ID, WEIGHT) values (822, 'Hall B Halo Counters', 461, 1000);
insert into SRM_OWNER.SYSTEM (SYSTEM_ID, NAME, CATEGORY_ID, WEIGHT) values (823, 'Hall B Targets', 461, 1000);
insert into SRM_OWNER.SYSTEM (SYSTEM_ID, NAME, CATEGORY_ID, WEIGHT) values (824, 'Hall B Collimator', 461, 1000);
insert into SRM_OWNER.SYSTEM (SYSTEM_ID, NAME, CATEGORY_ID, WEIGHT) values (825, 'Hall A Acceptance', 404, 1000);
insert into SRM_OWNER.SYSTEM (SYSTEM_ID, NAME, CATEGORY_ID, WEIGHT) values (826, 'Hall C Acceptance', 402, 1000);
insert into SRM_OWNER.SYSTEM (SYSTEM_ID, NAME, CATEGORY_ID, WEIGHT) values (827, 'Dump Puck', 17, 1000);
insert into SRM_OWNER.SYSTEM (SYSTEM_ID, NAME, CATEGORY_ID, WEIGHT) values (828, 'Hall Downtime', 465, 1000);
insert into SRM_OWNER.SYSTEM (SYSTEM_ID, NAME, CATEGORY_ID, WEIGHT) values (829, 'Diffuser (Active)', 14, 1000);
insert into SRM_OWNER.SYSTEM (SYSTEM_ID, NAME, CATEGORY_ID, WEIGHT) values (830, 'Hall B DAQ', 403, 1000);
insert into SRM_OWNER.SYSTEM (SYSTEM_ID, NAME, CATEGORY_ID, WEIGHT) values (831, 'Hall B Slow Controls', 403, 1000);
insert into SRM_OWNER.SYSTEM (SYSTEM_ID, NAME, CATEGORY_ID, WEIGHT) values (836, 'Hall B HPS ECal', 467, 1000);
insert into SRM_OWNER.SYSTEM (SYSTEM_ID, NAME, CATEGORY_ID, WEIGHT) values (837, 'Hall B HPS SVT', 467, 1000);
insert into SRM_OWNER.SYSTEM (SYSTEM_ID, NAME, CATEGORY_ID, WEIGHT) values (838, 'Hall B Viewers', 461, 1000);
insert into SRM_OWNER.SYSTEM (SYSTEM_ID, NAME, CATEGORY_ID, WEIGHT) values (839, 'Hall B LCW', 461, 1000);
insert into SRM_OWNER.SYSTEM (SYSTEM_ID, NAME, CATEGORY_ID, WEIGHT) values (840, 'Pirani Gauges (VPG)', 33, 1000);
insert into SRM_OWNER.SYSTEM (SYSTEM_ID, NAME, CATEGORY_ID, WEIGHT) values (841, 'Cathode Gauges (VCG)', 33, 1000);
insert into SRM_OWNER.SYSTEM (SYSTEM_ID, NAME, CATEGORY_ID, WEIGHT) values (876, 'Gun Comparator', 161, 1000);
insert into SRM_OWNER.SYSTEM (SYSTEM_ID, NAME, CATEGORY_ID, WEIGHT) values (877, 'Ion Chambers', 42, 1000);
insert into SRM_OWNER.SYSTEM (SYSTEM_ID, NAME, CATEGORY_ID, WEIGHT) values (896, 'Hall D Shutdown', 401, 1000);
insert into SRM_OWNER.SYSTEM (SYSTEM_ID, NAME, CATEGORY_ID, WEIGHT) values (918, 'Helicity Coils', 31, 1000);
insert into SRM_OWNER.SYSTEM (SYSTEM_ID, NAME, CATEGORY_ID, WEIGHT) values (936, 'LERF Stationary Dumps', 481, 1000);
insert into SRM_OWNER.SYSTEM (SYSTEM_ID, NAME, CATEGORY_ID, WEIGHT) values (937, 'LERF Insertable Dumps', 481, 1000);
insert into SRM_OWNER.SYSTEM (SYSTEM_ID, NAME, CATEGORY_ID, WEIGHT) values (938, 'LERF Machine Configuration', 482, 1000);
insert into SRM_OWNER.SYSTEM (SYSTEM_ID, NAME, CATEGORY_ID, WEIGHT) values (939, 'LERF Consoles', 483, 1000);
insert into SRM_OWNER.SYSTEM (SYSTEM_ID, NAME, CATEGORY_ID, WEIGHT) values (940, 'LERF Crates', 483, 1000);
insert into SRM_OWNER.SYSTEM (SYSTEM_ID, NAME, CATEGORY_ID, WEIGHT) values (941, 'LERF IOCs', 483, 1000);
insert into SRM_OWNER.SYSTEM (SYSTEM_ID, NAME, CATEGORY_ID, WEIGHT) values (942, 'LERF AMS', 484, 1000);
insert into SRM_OWNER.SYSTEM (SYSTEM_ID, NAME, CATEGORY_ID, WEIGHT) values (943, 'LERF BPMs', 484, 1000);
insert into SRM_OWNER.SYSTEM (SYSTEM_ID, NAME, CATEGORY_ID, WEIGHT) values (944, 'LERF Current Monitors', 484, 1000);
insert into SRM_OWNER.SYSTEM (SYSTEM_ID, NAME, CATEGORY_ID, WEIGHT) values (945, 'LERF M55', 484, 1000);
insert into SRM_OWNER.SYSTEM (SYSTEM_ID, NAME, CATEGORY_ID, WEIGHT) values (946, 'LERF Multislit', 484, 1000);
insert into SRM_OWNER.SYSTEM (SYSTEM_ID, NAME, CATEGORY_ID, WEIGHT) values (947, 'LERF Video System', 484, 1000);
insert into SRM_OWNER.SYSTEM (SYSTEM_ID, NAME, CATEGORY_ID, WEIGHT) values (948, 'LERF Viewers', 484, 1000);
insert into SRM_OWNER.SYSTEM (SYSTEM_ID, NAME, CATEGORY_ID, WEIGHT) values (949, 'LERF HAPPEK', 484, 1000);
insert into SRM_OWNER.SYSTEM (SYSTEM_ID, NAME, CATEGORY_ID, WEIGHT) values (950, 'LERF Network', 485, 1000);
insert into SRM_OWNER.SYSTEM (SYSTEM_ID, NAME, CATEGORY_ID, WEIGHT) values (951, 'LERF UPS', 485, 1000);
insert into SRM_OWNER.SYSTEM (SYSTEM_ID, NAME, CATEGORY_ID, WEIGHT) values (952, 'LERF LCW Valves', 486, 1000);
insert into SRM_OWNER.SYSTEM (SYSTEM_ID, NAME, CATEGORY_ID, WEIGHT) values (953, 'LERF EDM Screens', 494, 1000);
insert into SRM_OWNER.SYSTEM (SYSTEM_ID, NAME, CATEGORY_ID, WEIGHT) values (955, 'LERF UNIX Apps (HLA/Beam)', 494, 1000);
insert into SRM_OWNER.SYSTEM (SYSTEM_ID, NAME, CATEGORY_ID, WEIGHT) values (956, 'LERF UNIX Apps (OPS/Util)', 494, 1000);
insert into SRM_OWNER.SYSTEM (SYSTEM_ID, NAME, CATEGORY_ID, WEIGHT) values (957, 'LERF Box Power Supplies', 495, 1000);
insert into SRM_OWNER.SYSTEM (SYSTEM_ID, NAME, CATEGORY_ID, WEIGHT) values (958, 'LERF Dipoles', 495, 1000);
insert into SRM_OWNER.SYSTEM (SYSTEM_ID, NAME, CATEGORY_ID, WEIGHT) values (959, 'LERF Rasters', 495, 1000);
insert into SRM_OWNER.SYSTEM (SYSTEM_ID, NAME, CATEGORY_ID, WEIGHT) values (960, 'LERF Shunts', 495, 1000);
insert into SRM_OWNER.SYSTEM (SYSTEM_ID, NAME, CATEGORY_ID, WEIGHT) values (961, 'LERF Correctors', 496, 1000);
insert into SRM_OWNER.SYSTEM (SYSTEM_ID, NAME, CATEGORY_ID, WEIGHT) values (962, 'LERF Quads', 496, 1000);
insert into SRM_OWNER.SYSTEM (SYSTEM_ID, NAME, CATEGORY_ID, WEIGHT) values (963, 'LERF Sextupoles', 496, 1000);
insert into SRM_OWNER.SYSTEM (SYSTEM_ID, NAME, CATEGORY_ID, WEIGHT) values (964, 'LERF Solenoids', 496, 1000);
insert into SRM_OWNER.SYSTEM (SYSTEM_ID, NAME, CATEGORY_ID, WEIGHT) values (965, 'LERF Trim Racks', 496, 1000);
insert into SRM_OWNER.SYSTEM (SYSTEM_ID, NAME, CATEGORY_ID, WEIGHT) values (966, 'LERF Documentation', 487, 1000);
insert into SRM_OWNER.SYSTEM (SYSTEM_ID, NAME, CATEGORY_ID, WEIGHT) values (967, 'LERF Operator Training', 487, 1000);
insert into SRM_OWNER.SYSTEM (SYSTEM_ID, NAME, CATEGORY_ID, WEIGHT) values (968, 'LERF Master Oscillator', 488, 1000);
insert into SRM_OWNER.SYSTEM (SYSTEM_ID, NAME, CATEGORY_ID, WEIGHT) values (969, 'LERF Cryomodules', 497, 1000);
insert into SRM_OWNER.SYSTEM (SYSTEM_ID, NAME, CATEGORY_ID, WEIGHT) values (970, 'LERF RF Cavities', 497, 1000);
insert into SRM_OWNER.SYSTEM (SYSTEM_ID, NAME, CATEGORY_ID, WEIGHT) values (971, 'LERF Buncher', 498, 1000);
insert into SRM_OWNER.SYSTEM (SYSTEM_ID, NAME, CATEGORY_ID, WEIGHT) values (972, 'LERF Drive Laser', 498, 1000);
insert into SRM_OWNER.SYSTEM (SYSTEM_ID, NAME, CATEGORY_ID, WEIGHT) values (973, 'LERF Penetrations', 489, 1000);
insert into SRM_OWNER.SYSTEM (SYSTEM_ID, NAME, CATEGORY_ID, WEIGHT) values (974, 'LERF Postings', 489, 1000);
insert into SRM_OWNER.SYSTEM (SYSTEM_ID, NAME, CATEGORY_ID, WEIGHT) values (975, 'LERF RadCon Checklist', 489, 1000);
insert into SRM_OWNER.SYSTEM (SYSTEM_ID, NAME, CATEGORY_ID, WEIGHT) values (976, 'LERF Radiation Monitors (PSS Interlocked)', 489, 1000);
insert into SRM_OWNER.SYSTEM (SYSTEM_ID, NAME, CATEGORY_ID, WEIGHT) values (977, 'LERF Radiation Monitors (non-PSS Interlocked)', 489, 1000);
insert into SRM_OWNER.SYSTEM (SYSTEM_ID, NAME, CATEGORY_ID, WEIGHT) values (978, 'LERF Shielding', 489, 1000);
insert into SRM_OWNER.SYSTEM (SYSTEM_ID, NAME, CATEGORY_ID, WEIGHT) values (979, 'LERF BLMs', 499, 1000);
insert into SRM_OWNER.SYSTEM (SYSTEM_ID, NAME, CATEGORY_ID, WEIGHT) values (982, 'LERF ODH System', 500, 1000);
insert into SRM_OWNER.SYSTEM (SYSTEM_ID, NAME, CATEGORY_ID, WEIGHT) values (984, 'LERF DLPC', 501, 1000);
insert into SRM_OWNER.SYSTEM (SYSTEM_ID, NAME, CATEGORY_ID, WEIGHT) values (985, 'LERF Laser Table', 501, 1000);
insert into SRM_OWNER.SYSTEM (SYSTEM_ID, NAME, CATEGORY_ID, WEIGHT) values (986, 'LERF Cathode', 502, 1000);
insert into SRM_OWNER.SYSTEM (SYSTEM_ID, NAME, CATEGORY_ID, WEIGHT) values (987, 'LERF Gun HVPS', 503, 1000);
insert into SRM_OWNER.SYSTEM (SYSTEM_ID, NAME, CATEGORY_ID, WEIGHT) values (988, 'LERF SF6 System', 503, 1000);
insert into SRM_OWNER.SYSTEM (SYSTEM_ID, NAME, CATEGORY_ID, WEIGHT) values (991, 'LERF SRF Ion Pumps', 504, 1000);
insert into SRM_OWNER.SYSTEM (SYSTEM_ID, NAME, CATEGORY_ID, WEIGHT) values (992, 'LERF Waveguide Vacuum', 504, 1000);
insert into SRM_OWNER.SYSTEM (SYSTEM_ID, NAME, CATEGORY_ID, WEIGHT) values (993, 'LERF Fast Valves', 505, 1000);
insert into SRM_OWNER.SYSTEM (SYSTEM_ID, NAME, CATEGORY_ID, WEIGHT) values (994, 'LERF Ion Pumps and Controllers', 505, 1000);
insert into SRM_OWNER.SYSTEM (SYSTEM_ID, NAME, CATEGORY_ID, WEIGHT) values (995, 'LERF Slow Valves', 505, 1000);
insert into SRM_OWNER.SYSTEM (SYSTEM_ID, NAME, CATEGORY_ID, WEIGHT) values (996, 'LERF Vacuum Gauges', 505, 1000);
insert into SRM_OWNER.SYSTEM (SYSTEM_ID, NAME, CATEGORY_ID, WEIGHT) values (997, 'LERF Servers', 485, 1000);
insert into SRM_OWNER.SYSTEM (SYSTEM_ID, NAME, CATEGORY_ID, WEIGHT) values (999, 'LERF Acceptance', 487, 1000);
insert into SRM_OWNER.SYSTEM (SYSTEM_ID, NAME, CATEGORY_ID, WEIGHT) values (1016, 'LERF Source Vacuum', 502, 1000);
insert into SRM_OWNER.SYSTEM (SYSTEM_ID, NAME, CATEGORY_ID, WEIGHT) values (1036, 'Thin Septa', 32, 1000);
insert into SRM_OWNER.SYSTEM (SYSTEM_ID, NAME, CATEGORY_ID, WEIGHT) values (1056, 'Turbo Pumps', 33, 1000);
insert into SRM_OWNER.SYSTEM (SYSTEM_ID, NAME, CATEGORY_ID, WEIGHT) values (1076, 'Hall D Polarimeter', 405, 1000);
insert into SRM_OWNER.SYSTEM (SYSTEM_ID, NAME, CATEGORY_ID, WEIGHT) values (1096, 'Operations Personnel', 8, 1000);
insert into SRM_OWNER.SYSTEM (SYSTEM_ID, NAME, CATEGORY_ID, WEIGHT) values (1097, 'Beamline Vacuum Instrumentation', 33, 1000);
insert into SRM_OWNER.SYSTEM (SYSTEM_ID, NAME, CATEGORY_ID, WEIGHT) values (1098, 'SRF Vacuum Instrumentation', 34, 1000);
insert into SRM_OWNER.SYSTEM (SYSTEM_ID, NAME, CATEGORY_ID, WEIGHT) values (1099, 'FSD Watchdogs', 42, 1000);
insert into SRM_OWNER.SYSTEM (SYSTEM_ID, NAME, CATEGORY_ID, WEIGHT) values (1100, 'BLMHVMainFrame', 42, 1000);
insert into SRM_OWNER.SYSTEM (SYSTEM_ID, NAME, CATEGORY_ID, WEIGHT) values (1116, 'Beam Transport Monitors', 41, 1000);
insert into SRM_OWNER.SYSTEM (SYSTEM_ID, NAME, CATEGORY_ID, WEIGHT) values (1136, 'Hall B Sweep Procedures', 623, 1000);
insert into SRM_OWNER.SYSTEM (SYSTEM_ID, NAME, CATEGORY_ID, WEIGHT) values (1156, 'MOMod', 17, 1000);
insert into SRM_OWNER.SYSTEM (SYSTEM_ID, NAME, CATEGORY_ID, WEIGHT) values (1177, 'PRad HyCal', 521, 1000);
insert into SRM_OWNER.SYSTEM (SYSTEM_ID, NAME, CATEGORY_ID, WEIGHT) values (1178, 'PRad GEMs', 521, 1000);
insert into SRM_OWNER.SYSTEM (SYSTEM_ID, NAME, CATEGORY_ID, WEIGHT) values (1179, 'HyCal Transporter', 521, 1000);
insert into SRM_OWNER.SYSTEM (SYSTEM_ID, NAME, CATEGORY_ID, WEIGHT) values (1180, 'Hall A Detectors', 404, 1000);
insert into SRM_OWNER.SYSTEM (SYSTEM_ID, NAME, CATEGORY_ID, WEIGHT) values (1181, 'Hall A Targets', 404, 1000);
insert into SRM_OWNER.SYSTEM (SYSTEM_ID, NAME, CATEGORY_ID, WEIGHT) values (1182, 'LERF SLMs', 484, 1000);
insert into SRM_OWNER.SYSTEM (SYSTEM_ID, NAME, CATEGORY_ID, WEIGHT) values (1183, 'LERF VDPs', 505, 1000);
insert into SRM_OWNER.SYSTEM (SYSTEM_ID, NAME, CATEGORY_ID, WEIGHT) values (1184, 'PRad Target', 521, 1000);
insert into SRM_OWNER.SYSTEM (SYSTEM_ID, NAME, CATEGORY_ID, WEIGHT) values (1197, 'LERF Octupoles', 496, 1000);
insert into SRM_OWNER.SYSTEM (SYSTEM_ID, NAME, CATEGORY_ID, WEIGHT) values (1198, 'Hall C Targets', 402, 1000);
insert into SRM_OWNER.SYSTEM (SYSTEM_ID, NAME, CATEGORY_ID, WEIGHT) values (1199, 'Hall C Detectors', 402, 1000);
insert into SRM_OWNER.SYSTEM (SYSTEM_ID, NAME, CATEGORY_ID, WEIGHT) values (1200, 'Hall C Beam Transport Monitors', 402, 1000);
insert into SRM_OWNER.SYSTEM (SYSTEM_ID, NAME, CATEGORY_ID, WEIGHT) values (1201, 'Hall B Beam Transport Monitors', 403, 1000);
insert into SRM_OWNER.SYSTEM (SYSTEM_ID, NAME, CATEGORY_ID, WEIGHT) values (1216, 'LERF BM/MM/FSD', 499, 1000);
insert into SRM_OWNER.SYSTEM (SYSTEM_ID, NAME, CATEGORY_ID, WEIGHT) values (1236, 'Hall D Compton Calorimeter', 407, 1000);
insert into SRM_OWNER.SYSTEM (SYSTEM_ID, NAME, CATEGORY_ID, WEIGHT) values (1244, 'CLAS12 FTOF 1a', 545, 1000);
insert into SRM_OWNER.SYSTEM (SYSTEM_ID, NAME, CATEGORY_ID, WEIGHT) values (1245, 'CLAS12 FTOF 1b', 545, 1000);
insert into SRM_OWNER.SYSTEM (SYSTEM_ID, NAME, CATEGORY_ID, WEIGHT) values (1246, 'CLAS12 FTOF 2', 545, 1000);
insert into SRM_OWNER.SYSTEM (SYSTEM_ID, NAME, CATEGORY_ID, WEIGHT) values (1247, 'CLAS12 CTOF', 545, 1000);
insert into SRM_OWNER.SYSTEM (SYSTEM_ID, NAME, CATEGORY_ID, WEIGHT) values (1248, 'CLAS12 LTCC', 541, 1000);
insert into SRM_OWNER.SYSTEM (SYSTEM_ID, NAME, CATEGORY_ID, WEIGHT) values (1249, 'CLAS12 HTCC', 541, 1000);
insert into SRM_OWNER.SYSTEM (SYSTEM_ID, NAME, CATEGORY_ID, WEIGHT) values (1250, 'CLAS12 DC Region1', 547, 1000);
insert into SRM_OWNER.SYSTEM (SYSTEM_ID, NAME, CATEGORY_ID, WEIGHT) values (1251, 'CLAS12 DC Region2', 547, 1000);
insert into SRM_OWNER.SYSTEM (SYSTEM_ID, NAME, CATEGORY_ID, WEIGHT) values (1252, 'CLAS12 DC Region3', 547, 1000);
insert into SRM_OWNER.SYSTEM (SYSTEM_ID, NAME, CATEGORY_ID, WEIGHT) values (1253, 'CLAS12 SVT', 541, 1000);
insert into SRM_OWNER.SYSTEM (SYSTEM_ID, NAME, CATEGORY_ID, WEIGHT) values (1255, 'CLAS12 CND', 541, 1000);
insert into SRM_OWNER.SYSTEM (SYSTEM_ID, NAME, CATEGORY_ID, WEIGHT) values (1276, 'Diagnostic BLM', 17, 1000);
insert into SRM_OWNER.SYSTEM (SYSTEM_ID, NAME, CATEGORY_ID, WEIGHT) values (1277, 'Diffuser (Passive)', 14, 1000);
insert into SRM_OWNER.SYSTEM (SYSTEM_ID, NAME, CATEGORY_ID, WEIGHT) values (1279, 'CLAS12 Calorimeter', 541, 1000);
insert into SRM_OWNER.SYSTEM (SYSTEM_ID, NAME, CATEGORY_ID, WEIGHT) values (1280, 'CLAS12 Gas', 541, 1000);
insert into SRM_OWNER.SYSTEM (SYSTEM_ID, NAME, CATEGORY_ID, WEIGHT) values (1281, 'Hall B Torus', 561, 1000);
insert into SRM_OWNER.SYSTEM (SYSTEM_ID, NAME, CATEGORY_ID, WEIGHT) values (1282, 'Hall B Solenoid', 561, 1000);
insert into SRM_OWNER.SYSTEM (SYSTEM_ID, NAME, CATEGORY_ID, WEIGHT) values (1283, 'Hall A Compton Dipoles', 32, 1000);
insert into SRM_OWNER.SYSTEM (SYSTEM_ID, NAME, CATEGORY_ID, WEIGHT) values (1284, 'CLAS12 FT-HODO', 562, 1000);
insert into SRM_OWNER.SYSTEM (SYSTEM_ID, NAME, CATEGORY_ID, WEIGHT) values (1285, 'CLAS12 FT-CAL', 562, 1000);
insert into SRM_OWNER.SYSTEM (SYSTEM_ID, NAME, CATEGORY_ID, WEIGHT) values (1286, 'CLAS12 FT-TRK', 562, 1000);
insert into SRM_OWNER.SYSTEM (SYSTEM_ID, NAME, CATEGORY_ID, WEIGHT) values (1287, 'CLAS12 Forward MVT', 564, 1000);
insert into SRM_OWNER.SYSTEM (SYSTEM_ID, NAME, CATEGORY_ID, WEIGHT) values (1288, 'CLAS12 Central MVT', 564, 1000);
insert into SRM_OWNER.SYSTEM (SYSTEM_ID, NAME, CATEGORY_ID, WEIGHT) values (1289, 'Hall D RF system', 405, 1000);
insert into SRM_OWNER.SYSTEM (SYSTEM_ID, NAME, CATEGORY_ID, WEIGHT) values (1298, 'Hall D Pair Dipole', 405, 1000);
insert into SRM_OWNER.SYSTEM (SYSTEM_ID, NAME, CATEGORY_ID, WEIGHT) values (1316, 'Hall A Tritium Exp', 404, 1000);
insert into SRM_OWNER.SYSTEM (SYSTEM_ID, NAME, CATEGORY_ID, WEIGHT) values (1317, 'Hall D DIRC ', 407, 1000);
insert into SRM_OWNER.SYSTEM (SYSTEM_ID, NAME, CATEGORY_ID, WEIGHT) values (1318, 'Hall A Tritium Exp (RADCON)', 404, 1000);
insert into SRM_OWNER.SYSTEM (SYSTEM_ID, NAME, CATEGORY_ID, WEIGHT) values (1319, 'LINACS', 4, 1000);
insert into SRM_OWNER.SYSTEM (SYSTEM_ID, NAME, CATEGORY_ID, WEIGHT) values (1322, 'Hall D Online', 582, 1000);
insert into SRM_OWNER.SYSTEM (SYSTEM_ID, NAME, CATEGORY_ID, WEIGHT) values (1323, 'Hall D Offline', 582, 1000);
insert into SRM_OWNER.SYSTEM (SYSTEM_ID, NAME, CATEGORY_ID, WEIGHT) values (1324, 'Hall A 9th Dipole', 404, 1000);
insert into SRM_OWNER.SYSTEM (SYSTEM_ID, NAME, CATEGORY_ID, WEIGHT) values (1325, 'Hall C Rasters', 583, 1000);
insert into SRM_OWNER.SYSTEM (SYSTEM_ID, NAME, CATEGORY_ID, WEIGHT) values (1326, 'CLAS12 RICH', 541, 1000);
insert into SRM_OWNER.SYSTEM (SYSTEM_ID, NAME, CATEGORY_ID, WEIGHT) values (1327, 'Cryo LERF', 4, 1000);
insert into SRM_OWNER.SYSTEM (SYSTEM_ID, NAME, CATEGORY_ID, WEIGHT) values (1328, 'Hall A Beam Transport Monitors', 404, 1000);
insert into SRM_OWNER.SYSTEM (SYSTEM_ID, NAME, CATEGORY_ID, WEIGHT) values (1329, 'Injector Valves', 33, 1000);
insert into SRM_OWNER.SYSTEM (SYSTEM_ID, NAME, CATEGORY_ID, WEIGHT) values (1330, 'CLAS12 BAND', 541, 1000);
insert into SRM_OWNER.SYSTEM (SYSTEM_ID, NAME, CATEGORY_ID, WEIGHT) values (1331, 'Hall B Moeller', 461, 1000);
insert into SRM_OWNER.SYSTEM (SYSTEM_ID, NAME, CATEGORY_ID, WEIGHT) values (1332, 'Hall D Pair Converter', 405, 1000);
insert into SRM_OWNER.SYSTEM (SYSTEM_ID, NAME, CATEGORY_ID, WEIGHT) values (1333, 'Rf4Laser', 161, 1000);
insert into SRM_OWNER.SYSTEM (SYSTEM_ID, NAME, CATEGORY_ID, WEIGHT) values (1334, 'HV Card', 42, 1000);
insert into SRM_OWNER.SYSTEM (SYSTEM_ID, NAME, CATEGORY_ID, WEIGHT) values (1335, 'Target Ladder', 17, 1000);
insert into SRM_OWNER.SYSTEM (SYSTEM_ID, NAME, CATEGORY_ID, WEIGHT) values (1336, 'Raster Halves', 31, 1000);
insert into SRM_OWNER.SYSTEM (SYSTEM_ID, NAME, CATEGORY_ID, WEIGHT) values (1337, 'Hall A Rasters', 603, 1000);
insert into SRM_OWNER.SYSTEM (SYSTEM_ID, NAME, CATEGORY_ID, WEIGHT) values (1338, 'Air Exchange Scrubber Interlock', 605, 1000);
insert into SRM_OWNER.SYSTEM (SYSTEM_ID, NAME, CATEGORY_ID, WEIGHT) values (1339, 'Fume Hood Alerts', 605, 1000);
insert into SRM_OWNER.SYSTEM (SYSTEM_ID, NAME, CATEGORY_ID, WEIGHT) values (1340, 'Gas Flow Limiting Orifice', 605, 1000);
insert into SRM_OWNER.SYSTEM (SYSTEM_ID, NAME, CATEGORY_ID, WEIGHT) values (1341, 'Nitrogen Valve', 605, 1000);
insert into SRM_OWNER.SYSTEM (SYSTEM_ID, NAME, CATEGORY_ID, WEIGHT) values (1342, 'Noncredited PSS', 605, 1000);
insert into SRM_OWNER.SYSTEM (SYSTEM_ID, NAME, CATEGORY_ID, WEIGHT) values (1343, 'Refrigerant Alarms', 605, 1000);
insert into SRM_OWNER.SYSTEM (SYSTEM_ID, NAME, CATEGORY_ID, WEIGHT) values (1345, 'Solvent Exhaust Hood Gauge', 605, 1000);
insert into SRM_OWNER.SYSTEM (SYSTEM_ID, NAME, CATEGORY_ID, WEIGHT) values (1346, 'Noncredited ODH', 605, 1000);
insert into SRM_OWNER.SYSTEM (SYSTEM_ID, NAME, CATEGORY_ID, WEIGHT) values (1347, 'Air Make-up Fans', 606, 1000);
insert into SRM_OWNER.SYSTEM (SYSTEM_ID, NAME, CATEGORY_ID, WEIGHT) values (1348, 'CARM', 606, 1000);
insert into SRM_OWNER.SYSTEM (SYSTEM_ID, NAME, CATEGORY_ID, WEIGHT) values (1349, 'Grounding Sticks', 606, 1000);
insert into SRM_OWNER.SYSTEM (SYSTEM_ID, NAME, CATEGORY_ID, WEIGHT) values (1350, 'H2 Monitoring', 606, 1000);
insert into SRM_OWNER.SYSTEM (SYSTEM_ID, NAME, CATEGORY_ID, WEIGHT) values (1351, 'Hydrogen Sensors', 606, 1000);
insert into SRM_OWNER.SYSTEM (SYSTEM_ID, NAME, CATEGORY_ID, WEIGHT) values (1352, 'Radiation Boundary Monitors', 606, 1000);
insert into SRM_OWNER.SYSTEM (SYSTEM_ID, NAME, CATEGORY_ID, WEIGHT) values (1353, 'Sensors and Containment', 606, 1000);
insert into SRM_OWNER.SYSTEM (SYSTEM_ID, NAME, CATEGORY_ID, WEIGHT) values (1354, 'Smoke Removal Fans and Door Roll Up', 606, 1000);
insert into SRM_OWNER.SYSTEM (SYSTEM_ID, NAME, CATEGORY_ID, WEIGHT) values (1355, 'Vacuum Furnace Interlocks', 606, 1000);
insert into SRM_OWNER.SYSTEM (SYSTEM_ID, NAME, CATEGORY_ID, WEIGHT) values (1365, 'Ion Chambers (Diag)', 17, 1000);
insert into SRM_OWNER.SYSTEM (SYSTEM_ID, NAME, CATEGORY_ID, WEIGHT) values (1385, 'Hall D Gas Shed', 606, 1000);
insert into SRM_OWNER.SYSTEM (SYSTEM_ID, NAME, CATEGORY_ID, WEIGHT) values (1405, 'LERF Access Controls', 500, 1000);
insert into SRM_OWNER.SYSTEM (SYSTEM_ID, NAME, CATEGORY_ID, WEIGHT) values (1406, 'LERF iFix Operator Screens', 500, 1000);
insert into SRM_OWNER.SYSTEM (SYSTEM_ID, NAME, CATEGORY_ID, WEIGHT) values (1407, 'Sweep Procedures', 623, 1000);
insert into SRM_OWNER.SYSTEM (SYSTEM_ID, NAME, CATEGORY_ID, WEIGHT) values (1408, 'LERF Sweep Procedures', 500, 1000);
insert into SRM_OWNER.SYSTEM (SYSTEM_ID, NAME, CATEGORY_ID, WEIGHT) values (1425, 'Hall D Sweep Procedures', 623, 1000);
insert into SRM_OWNER.SYSTEM (SYSTEM_ID, NAME, CATEGORY_ID, WEIGHT) values (1426, 'Hall A Sweep Procedures', 623, 1000);
insert into SRM_OWNER.SYSTEM (SYSTEM_ID, NAME, CATEGORY_ID, WEIGHT) values (1427, 'Hall C Sweep Procedures', 623, 1000);
insert into SRM_OWNER.SYSTEM (SYSTEM_ID, NAME, CATEGORY_ID, WEIGHT) values (1445, 'UITF Current Monitors', 648, 1000);
insert into SRM_OWNER.SYSTEM (SYSTEM_ID, NAME, CATEGORY_ID, WEIGHT) values (1447, 'UITF Harps', 648, 1000);
insert into SRM_OWNER.SYSTEM (SYSTEM_ID, NAME, CATEGORY_ID, WEIGHT) values (1448, 'Hall B HPS Hodo', 467, 1000);
insert into SRM_OWNER.SYSTEM (SYSTEM_ID, NAME, CATEGORY_ID, WEIGHT) values (1465, 'UITF Dipoles', 650, 1000);
insert into SRM_OWNER.SYSTEM (SYSTEM_ID, NAME, CATEGORY_ID, WEIGHT) values (1466, 'UITF Correctors', 650, 1000);
insert into SRM_OWNER.SYSTEM (SYSTEM_ID, NAME, CATEGORY_ID, WEIGHT) values (1467, 'UITF Solenoids', 650, 1000);
insert into SRM_OWNER.SYSTEM (SYSTEM_ID, NAME, CATEGORY_ID, WEIGHT) values (1468, 'UITF Quads', 650, 1000);
insert into SRM_OWNER.SYSTEM (SYSTEM_ID, NAME, CATEGORY_ID, WEIGHT) values (1469, 'UITF Trim Racks', 650, 1000);
insert into SRM_OWNER.SYSTEM (SYSTEM_ID, NAME, CATEGORY_ID, WEIGHT) values (1470, 'UITF Rasters', 650, 1000);
insert into SRM_OWNER.SYSTEM (SYSTEM_ID, NAME, CATEGORY_ID, WEIGHT) values (1471, 'UITF Wien', 650, 1000);
insert into SRM_OWNER.SYSTEM (SYSTEM_ID, NAME, CATEGORY_ID, WEIGHT) values (1472, 'UITF BPMs', 648, 1000);
insert into SRM_OWNER.SYSTEM (SYSTEM_ID, NAME, CATEGORY_ID, WEIGHT) values (1473, 'UITF Viewers', 648, 1000);
insert into SRM_OWNER.SYSTEM (SYSTEM_ID, NAME, CATEGORY_ID, WEIGHT) values (1474, 'UITF F-Cups', 648, 1000);
insert into SRM_OWNER.SYSTEM (SYSTEM_ID, NAME, CATEGORY_ID, WEIGHT) values (1475, 'UITF Brock Cavities', 648, 1000);
insert into SRM_OWNER.SYSTEM (SYSTEM_ID, NAME, CATEGORY_ID, WEIGHT) values (1476, 'UITF Aperture', 648, 1000);
insert into SRM_OWNER.SYSTEM (SYSTEM_ID, NAME, CATEGORY_ID, WEIGHT) values (1485, 'UITF Gun Comparator', 664, 1000);
insert into SRM_OWNER.SYSTEM (SYSTEM_ID, NAME, CATEGORY_ID, WEIGHT) values (1486, 'UITF Gun HV', 664, 1000);
insert into SRM_OWNER.SYSTEM (SYSTEM_ID, NAME, CATEGORY_ID, WEIGHT) values (1487, 'UITF Gun Photocathode', 664, 1000);
insert into SRM_OWNER.SYSTEM (SYSTEM_ID, NAME, CATEGORY_ID, WEIGHT) values (1488, 'UITF RfLaser', 664, 1000);
insert into SRM_OWNER.SYSTEM (SYSTEM_ID, NAME, CATEGORY_ID, WEIGHT) values (1489, 'UITF Laser RF', 665, 1000);
insert into SRM_OWNER.SYSTEM (SYSTEM_ID, NAME, CATEGORY_ID, WEIGHT) values (1490, 'UITF Laser Table', 665, 1000);
insert into SRM_OWNER.SYSTEM (SYSTEM_ID, NAME, CATEGORY_ID, WEIGHT) values (1491, 'UITF IOCs', 647, 1000);
insert into SRM_OWNER.SYSTEM (SYSTEM_ID, NAME, CATEGORY_ID, WEIGHT) values (1505, 'UITF Consoles', 647, 1000);
insert into SRM_OWNER.SYSTEM (SYSTEM_ID, NAME, CATEGORY_ID, WEIGHT) values (1506, 'UITF Controls Network', 647, 1000);
insert into SRM_OWNER.SYSTEM (SYSTEM_ID, NAME, CATEGORY_ID, WEIGHT) values (1507, 'UITF UPS', 649, 1000);
insert into SRM_OWNER.SYSTEM (SYSTEM_ID, NAME, CATEGORY_ID, WEIGHT) values (1508, 'UITF UNIX Apps (HLA/Beam)', 649, 1000);
insert into SRM_OWNER.SYSTEM (SYSTEM_ID, NAME, CATEGORY_ID, WEIGHT) values (1509, 'UITF Insertable Dumps', 645, 1000);
insert into SRM_OWNER.SYSTEM (SYSTEM_ID, NAME, CATEGORY_ID, WEIGHT) values (1510, 'UITF Stationary Dumps', 645, 1000);
insert into SRM_OWNER.SYSTEM (SYSTEM_ID, NAME, CATEGORY_ID, WEIGHT) values (1525, 'UITF Box Supplies', 650, 1000);
insert into SRM_OWNER.SYSTEM (SYSTEM_ID, NAME, CATEGORY_ID, WEIGHT) values (1545, 'LERF Targets', 2, 1000);
insert into SRM_OWNER.SYSTEM (SYSTEM_ID, NAME, CATEGORY_ID, WEIGHT) values (1566, 'Hall D GEM/TRD', 407, 1000);
insert into SRM_OWNER.SYSTEM (SYSTEM_ID, NAME, CATEGORY_ID, WEIGHT) values (1585, 'UITF Warm RF', 652, 1000);
insert into SRM_OWNER.SYSTEM (SYSTEM_ID, NAME, CATEGORY_ID, WEIGHT) values (1605, 'UITF Ion Pumps', 703, 1000);
insert into SRM_OWNER.SYSTEM (SYSTEM_ID, NAME, CATEGORY_ID, WEIGHT) values (1606, 'UITF UHV Pumps', 703, 1000);
insert into SRM_OWNER.SYSTEM (SYSTEM_ID, NAME, CATEGORY_ID, WEIGHT) values (1607, 'UITF Beam Valves', 703, 1000);
insert into SRM_OWNER.SYSTEM (SYSTEM_ID, NAME, CATEGORY_ID, WEIGHT) values (1608, 'UITF MPS BLM', 654, 1000);
insert into SRM_OWNER.SYSTEM (SYSTEM_ID, NAME, CATEGORY_ID, WEIGHT) values (1625, 'CLAS12 RTPC (BONUS)', 541, 1000);
insert into SRM_OWNER.SYSTEM (SYSTEM_ID, NAME, CATEGORY_ID, WEIGHT) values (1645, 'UITF Penetrations', 653, 1000);
insert into SRM_OWNER.SYSTEM (SYSTEM_ID, NAME, CATEGORY_ID, WEIGHT) values (1646, 'UITF Postings', 653, 1000);
insert into SRM_OWNER.SYSTEM (SYSTEM_ID, NAME, CATEGORY_ID, WEIGHT) values (1647, 'UITF Radiation Monitors', 653, 1000);
insert into SRM_OWNER.SYSTEM (SYSTEM_ID, NAME, CATEGORY_ID, WEIGHT) values (1648, 'UITF Shielding Configuration', 653, 1000);
insert into SRM_OWNER.SYSTEM (SYSTEM_ID, NAME, CATEGORY_ID, WEIGHT) values (1649, 'UITF Radcon Checklists', 653, 1000);
insert into SRM_OWNER.SYSTEM (SYSTEM_ID, NAME, CATEGORY_ID, WEIGHT) values (1685, 'HDR Gas Management', 743, 1000);
insert into SRM_OWNER.SYSTEM (SYSTEM_ID, NAME, CATEGORY_ID, WEIGHT) values (1686, 'HDR Cold Box CB1', 743, 1000);
insert into SRM_OWNER.SYSTEM (SYSTEM_ID, NAME, CATEGORY_ID, WEIGHT) values (1705, 'UHV Getter Pumps (VGP)', 33, 1000);
insert into SRM_OWNER.SYSTEM (SYSTEM_ID, NAME, CATEGORY_ID, WEIGHT) values (1725, 'NeutronDetectors', 17, 1000);
insert into SRM_OWNER.SYSTEM (SYSTEM_ID, NAME, CATEGORY_ID, WEIGHT) values (1745, 'Hall A Spectrometer', 603, 1000);
insert into SRM_OWNER.SYSTEM (SYSTEM_ID, NAME, CATEGORY_ID, WEIGHT) values (1765, 'Hall D Forward MWPC/CTOF', 407, 1000);
insert into SRM_OWNER.SYSTEM (SYSTEM_ID, NAME, CATEGORY_ID, WEIGHT) values (1785, 'Hall C Diagnostic BCMs', 402, 1000);
insert into SRM_OWNER.SYSTEM (SYSTEM_ID, NAME, CATEGORY_ID, WEIGHT) values (1786, 'Hall B Safety', 403, 1000);

DROP SEQUENCE SRM_OWNER.SYSTEM_ID;
CREATE SEQUENCE SRM_OWNER.SYSTEM_ID
    INCREMENT BY 1
    START WITH 1787
    NOCYCLE
	NOCACHE
	ORDER;

-- Populate System - Application Participation
insert into SRM_OWNER.SYSTEM_APPLICATION (APPLICATION_ID, SYSTEM_ID) values (1, 35);
insert into SRM_OWNER.SYSTEM_APPLICATION (APPLICATION_ID, SYSTEM_ID) values (1, 36);
insert into SRM_OWNER.SYSTEM_APPLICATION (APPLICATION_ID, SYSTEM_ID) values (1, 37);
insert into SRM_OWNER.SYSTEM_APPLICATION (APPLICATION_ID, SYSTEM_ID) values (1, 38);
insert into SRM_OWNER.SYSTEM_APPLICATION (APPLICATION_ID, SYSTEM_ID) values (1, 39);
insert into SRM_OWNER.SYSTEM_APPLICATION (APPLICATION_ID, SYSTEM_ID) values (1, 40);
insert into SRM_OWNER.SYSTEM_APPLICATION (APPLICATION_ID, SYSTEM_ID) values (1, 41);
insert into SRM_OWNER.SYSTEM_APPLICATION (APPLICATION_ID, SYSTEM_ID) values (1, 42);
insert into SRM_OWNER.SYSTEM_APPLICATION (APPLICATION_ID, SYSTEM_ID) values (1, 43);
insert into SRM_OWNER.SYSTEM_APPLICATION (APPLICATION_ID, SYSTEM_ID) values (1, 44);
insert into SRM_OWNER.SYSTEM_APPLICATION (APPLICATION_ID, SYSTEM_ID) values (1, 45);
insert into SRM_OWNER.SYSTEM_APPLICATION (APPLICATION_ID, SYSTEM_ID) values (1, 46);
insert into SRM_OWNER.SYSTEM_APPLICATION (APPLICATION_ID, SYSTEM_ID) values (1, 47);
insert into SRM_OWNER.SYSTEM_APPLICATION (APPLICATION_ID, SYSTEM_ID) values (1, 49);
insert into SRM_OWNER.SYSTEM_APPLICATION (APPLICATION_ID, SYSTEM_ID) values (1, 51);
insert into SRM_OWNER.SYSTEM_APPLICATION (APPLICATION_ID, SYSTEM_ID) values (1, 52);
insert into SRM_OWNER.SYSTEM_APPLICATION (APPLICATION_ID, SYSTEM_ID) values (1, 53);
insert into SRM_OWNER.SYSTEM_APPLICATION (APPLICATION_ID, SYSTEM_ID) values (1, 54);
insert into SRM_OWNER.SYSTEM_APPLICATION (APPLICATION_ID, SYSTEM_ID) values (1, 56);
insert into SRM_OWNER.SYSTEM_APPLICATION (APPLICATION_ID, SYSTEM_ID) values (1, 57);
insert into SRM_OWNER.SYSTEM_APPLICATION (APPLICATION_ID, SYSTEM_ID) values (1, 62);
insert into SRM_OWNER.SYSTEM_APPLICATION (APPLICATION_ID, SYSTEM_ID) values (1, 63);
insert into SRM_OWNER.SYSTEM_APPLICATION (APPLICATION_ID, SYSTEM_ID) values (1, 141);
insert into SRM_OWNER.SYSTEM_APPLICATION (APPLICATION_ID, SYSTEM_ID) values (1, 142);
insert into SRM_OWNER.SYSTEM_APPLICATION (APPLICATION_ID, SYSTEM_ID) values (1, 167);
insert into SRM_OWNER.SYSTEM_APPLICATION (APPLICATION_ID, SYSTEM_ID) values (1, 169);
insert into SRM_OWNER.SYSTEM_APPLICATION (APPLICATION_ID, SYSTEM_ID) values (1, 170);
insert into SRM_OWNER.SYSTEM_APPLICATION (APPLICATION_ID, SYSTEM_ID) values (1, 181);
insert into SRM_OWNER.SYSTEM_APPLICATION (APPLICATION_ID, SYSTEM_ID) values (1, 183);
insert into SRM_OWNER.SYSTEM_APPLICATION (APPLICATION_ID, SYSTEM_ID) values (1, 186);
insert into SRM_OWNER.SYSTEM_APPLICATION (APPLICATION_ID, SYSTEM_ID) values (1, 189);
insert into SRM_OWNER.SYSTEM_APPLICATION (APPLICATION_ID, SYSTEM_ID) values (1, 190);
insert into SRM_OWNER.SYSTEM_APPLICATION (APPLICATION_ID, SYSTEM_ID) values (1, 191);
insert into SRM_OWNER.SYSTEM_APPLICATION (APPLICATION_ID, SYSTEM_ID) values (1, 192);
insert into SRM_OWNER.SYSTEM_APPLICATION (APPLICATION_ID, SYSTEM_ID) values (1, 193);
insert into SRM_OWNER.SYSTEM_APPLICATION (APPLICATION_ID, SYSTEM_ID) values (1, 197);
insert into SRM_OWNER.SYSTEM_APPLICATION (APPLICATION_ID, SYSTEM_ID) values (1, 202);
insert into SRM_OWNER.SYSTEM_APPLICATION (APPLICATION_ID, SYSTEM_ID) values (1, 221);
insert into SRM_OWNER.SYSTEM_APPLICATION (APPLICATION_ID, SYSTEM_ID) values (1, 222);
insert into SRM_OWNER.SYSTEM_APPLICATION (APPLICATION_ID, SYSTEM_ID) values (1, 223);
insert into SRM_OWNER.SYSTEM_APPLICATION (APPLICATION_ID, SYSTEM_ID) values (1, 224);
insert into SRM_OWNER.SYSTEM_APPLICATION (APPLICATION_ID, SYSTEM_ID) values (1, 225);
insert into SRM_OWNER.SYSTEM_APPLICATION (APPLICATION_ID, SYSTEM_ID) values (1, 227);
insert into SRM_OWNER.SYSTEM_APPLICATION (APPLICATION_ID, SYSTEM_ID) values (1, 228);
insert into SRM_OWNER.SYSTEM_APPLICATION (APPLICATION_ID, SYSTEM_ID) values (1, 241);
insert into SRM_OWNER.SYSTEM_APPLICATION (APPLICATION_ID, SYSTEM_ID) values (1, 276);
insert into SRM_OWNER.SYSTEM_APPLICATION (APPLICATION_ID, SYSTEM_ID) values (1, 277);
insert into SRM_OWNER.SYSTEM_APPLICATION (APPLICATION_ID, SYSTEM_ID) values (1, 278);
insert into SRM_OWNER.SYSTEM_APPLICATION (APPLICATION_ID, SYSTEM_ID) values (1, 281);
insert into SRM_OWNER.SYSTEM_APPLICATION (APPLICATION_ID, SYSTEM_ID) values (1, 283);
insert into SRM_OWNER.SYSTEM_APPLICATION (APPLICATION_ID, SYSTEM_ID) values (1, 284);
insert into SRM_OWNER.SYSTEM_APPLICATION (APPLICATION_ID, SYSTEM_ID) values (1, 285);
insert into SRM_OWNER.SYSTEM_APPLICATION (APPLICATION_ID, SYSTEM_ID) values (1, 296);
insert into SRM_OWNER.SYSTEM_APPLICATION (APPLICATION_ID, SYSTEM_ID) values (1, 297);
insert into SRM_OWNER.SYSTEM_APPLICATION (APPLICATION_ID, SYSTEM_ID) values (1, 298);
insert into SRM_OWNER.SYSTEM_APPLICATION (APPLICATION_ID, SYSTEM_ID) values (1, 299);
insert into SRM_OWNER.SYSTEM_APPLICATION (APPLICATION_ID, SYSTEM_ID) values (1, 300);
insert into SRM_OWNER.SYSTEM_APPLICATION (APPLICATION_ID, SYSTEM_ID) values (1, 301);
insert into SRM_OWNER.SYSTEM_APPLICATION (APPLICATION_ID, SYSTEM_ID) values (1, 316);
insert into SRM_OWNER.SYSTEM_APPLICATION (APPLICATION_ID, SYSTEM_ID) values (1, 319);
insert into SRM_OWNER.SYSTEM_APPLICATION (APPLICATION_ID, SYSTEM_ID) values (1, 320);
insert into SRM_OWNER.SYSTEM_APPLICATION (APPLICATION_ID, SYSTEM_ID) values (1, 321);
insert into SRM_OWNER.SYSTEM_APPLICATION (APPLICATION_ID, SYSTEM_ID) values (1, 323);
insert into SRM_OWNER.SYSTEM_APPLICATION (APPLICATION_ID, SYSTEM_ID) values (1, 325);
insert into SRM_OWNER.SYSTEM_APPLICATION (APPLICATION_ID, SYSTEM_ID) values (1, 326);
insert into SRM_OWNER.SYSTEM_APPLICATION (APPLICATION_ID, SYSTEM_ID) values (1, 338);
insert into SRM_OWNER.SYSTEM_APPLICATION (APPLICATION_ID, SYSTEM_ID) values (1, 339);
insert into SRM_OWNER.SYSTEM_APPLICATION (APPLICATION_ID, SYSTEM_ID) values (1, 340);
insert into SRM_OWNER.SYSTEM_APPLICATION (APPLICATION_ID, SYSTEM_ID) values (1, 341);
insert into SRM_OWNER.SYSTEM_APPLICATION (APPLICATION_ID, SYSTEM_ID) values (1, 342);
insert into SRM_OWNER.SYSTEM_APPLICATION (APPLICATION_ID, SYSTEM_ID) values (1, 343);
insert into SRM_OWNER.SYSTEM_APPLICATION (APPLICATION_ID, SYSTEM_ID) values (1, 356);
insert into SRM_OWNER.SYSTEM_APPLICATION (APPLICATION_ID, SYSTEM_ID) values (1, 357);
insert into SRM_OWNER.SYSTEM_APPLICATION (APPLICATION_ID, SYSTEM_ID) values (1, 376);
insert into SRM_OWNER.SYSTEM_APPLICATION (APPLICATION_ID, SYSTEM_ID) values (1, 396);
insert into SRM_OWNER.SYSTEM_APPLICATION (APPLICATION_ID, SYSTEM_ID) values (1, 397);
insert into SRM_OWNER.SYSTEM_APPLICATION (APPLICATION_ID, SYSTEM_ID) values (1, 417);
insert into SRM_OWNER.SYSTEM_APPLICATION (APPLICATION_ID, SYSTEM_ID) values (1, 418);
insert into SRM_OWNER.SYSTEM_APPLICATION (APPLICATION_ID, SYSTEM_ID) values (1, 419);
insert into SRM_OWNER.SYSTEM_APPLICATION (APPLICATION_ID, SYSTEM_ID) values (1, 420);
insert into SRM_OWNER.SYSTEM_APPLICATION (APPLICATION_ID, SYSTEM_ID) values (1, 421);
insert into SRM_OWNER.SYSTEM_APPLICATION (APPLICATION_ID, SYSTEM_ID) values (1, 422);
insert into SRM_OWNER.SYSTEM_APPLICATION (APPLICATION_ID, SYSTEM_ID) values (1, 423);
insert into SRM_OWNER.SYSTEM_APPLICATION (APPLICATION_ID, SYSTEM_ID) values (1, 424);
insert into SRM_OWNER.SYSTEM_APPLICATION (APPLICATION_ID, SYSTEM_ID) values (1, 425);
insert into SRM_OWNER.SYSTEM_APPLICATION (APPLICATION_ID, SYSTEM_ID) values (1, 426);
insert into SRM_OWNER.SYSTEM_APPLICATION (APPLICATION_ID, SYSTEM_ID) values (1, 427);
insert into SRM_OWNER.SYSTEM_APPLICATION (APPLICATION_ID, SYSTEM_ID) values (1, 436);
insert into SRM_OWNER.SYSTEM_APPLICATION (APPLICATION_ID, SYSTEM_ID) values (1, 437);
insert into SRM_OWNER.SYSTEM_APPLICATION (APPLICATION_ID, SYSTEM_ID) values (1, 456);
insert into SRM_OWNER.SYSTEM_APPLICATION (APPLICATION_ID, SYSTEM_ID) values (1, 457);
insert into SRM_OWNER.SYSTEM_APPLICATION (APPLICATION_ID, SYSTEM_ID) values (1, 476);
insert into SRM_OWNER.SYSTEM_APPLICATION (APPLICATION_ID, SYSTEM_ID) values (1, 496);
insert into SRM_OWNER.SYSTEM_APPLICATION (APPLICATION_ID, SYSTEM_ID) values (1, 497);
insert into SRM_OWNER.SYSTEM_APPLICATION (APPLICATION_ID, SYSTEM_ID) values (1, 498);
insert into SRM_OWNER.SYSTEM_APPLICATION (APPLICATION_ID, SYSTEM_ID) values (1, 499);
insert into SRM_OWNER.SYSTEM_APPLICATION (APPLICATION_ID, SYSTEM_ID) values (1, 500);
insert into SRM_OWNER.SYSTEM_APPLICATION (APPLICATION_ID, SYSTEM_ID) values (1, 501);
insert into SRM_OWNER.SYSTEM_APPLICATION (APPLICATION_ID, SYSTEM_ID) values (1, 502);
insert into SRM_OWNER.SYSTEM_APPLICATION (APPLICATION_ID, SYSTEM_ID) values (1, 516);
insert into SRM_OWNER.SYSTEM_APPLICATION (APPLICATION_ID, SYSTEM_ID) values (1, 636);
insert into SRM_OWNER.SYSTEM_APPLICATION (APPLICATION_ID, SYSTEM_ID) values (1, 637);
insert into SRM_OWNER.SYSTEM_APPLICATION (APPLICATION_ID, SYSTEM_ID) values (1, 638);
insert into SRM_OWNER.SYSTEM_APPLICATION (APPLICATION_ID, SYSTEM_ID) values (1, 639);
insert into SRM_OWNER.SYSTEM_APPLICATION (APPLICATION_ID, SYSTEM_ID) values (1, 640);
insert into SRM_OWNER.SYSTEM_APPLICATION (APPLICATION_ID, SYSTEM_ID) values (1, 641);
insert into SRM_OWNER.SYSTEM_APPLICATION (APPLICATION_ID, SYSTEM_ID) values (1, 642);
insert into SRM_OWNER.SYSTEM_APPLICATION (APPLICATION_ID, SYSTEM_ID) values (1, 643);
insert into SRM_OWNER.SYSTEM_APPLICATION (APPLICATION_ID, SYSTEM_ID) values (1, 644);
insert into SRM_OWNER.SYSTEM_APPLICATION (APPLICATION_ID, SYSTEM_ID) values (1, 645);
insert into SRM_OWNER.SYSTEM_APPLICATION (APPLICATION_ID, SYSTEM_ID) values (1, 646);
insert into SRM_OWNER.SYSTEM_APPLICATION (APPLICATION_ID, SYSTEM_ID) values (1, 647);
insert into SRM_OWNER.SYSTEM_APPLICATION (APPLICATION_ID, SYSTEM_ID) values (1, 648);
insert into SRM_OWNER.SYSTEM_APPLICATION (APPLICATION_ID, SYSTEM_ID) values (1, 649);
insert into SRM_OWNER.SYSTEM_APPLICATION (APPLICATION_ID, SYSTEM_ID) values (1, 650);
insert into SRM_OWNER.SYSTEM_APPLICATION (APPLICATION_ID, SYSTEM_ID) values (1, 651);
insert into SRM_OWNER.SYSTEM_APPLICATION (APPLICATION_ID, SYSTEM_ID) values (1, 653);
insert into SRM_OWNER.SYSTEM_APPLICATION (APPLICATION_ID, SYSTEM_ID) values (1, 654);
insert into SRM_OWNER.SYSTEM_APPLICATION (APPLICATION_ID, SYSTEM_ID) values (1, 655);
insert into SRM_OWNER.SYSTEM_APPLICATION (APPLICATION_ID, SYSTEM_ID) values (1, 656);
insert into SRM_OWNER.SYSTEM_APPLICATION (APPLICATION_ID, SYSTEM_ID) values (1, 657);
insert into SRM_OWNER.SYSTEM_APPLICATION (APPLICATION_ID, SYSTEM_ID) values (1, 676);
insert into SRM_OWNER.SYSTEM_APPLICATION (APPLICATION_ID, SYSTEM_ID) values (1, 697);
insert into SRM_OWNER.SYSTEM_APPLICATION (APPLICATION_ID, SYSTEM_ID) values (1, 716);
insert into SRM_OWNER.SYSTEM_APPLICATION (APPLICATION_ID, SYSTEM_ID) values (1, 736);
insert into SRM_OWNER.SYSTEM_APPLICATION (APPLICATION_ID, SYSTEM_ID) values (1, 756);
insert into SRM_OWNER.SYSTEM_APPLICATION (APPLICATION_ID, SYSTEM_ID) values (1, 757);
insert into SRM_OWNER.SYSTEM_APPLICATION (APPLICATION_ID, SYSTEM_ID) values (1, 758);
insert into SRM_OWNER.SYSTEM_APPLICATION (APPLICATION_ID, SYSTEM_ID) values (1, 759);
insert into SRM_OWNER.SYSTEM_APPLICATION (APPLICATION_ID, SYSTEM_ID) values (1, 776);
insert into SRM_OWNER.SYSTEM_APPLICATION (APPLICATION_ID, SYSTEM_ID) values (1, 816);
insert into SRM_OWNER.SYSTEM_APPLICATION (APPLICATION_ID, SYSTEM_ID) values (1, 817);
insert into SRM_OWNER.SYSTEM_APPLICATION (APPLICATION_ID, SYSTEM_ID) values (1, 818);
insert into SRM_OWNER.SYSTEM_APPLICATION (APPLICATION_ID, SYSTEM_ID) values (1, 819);
insert into SRM_OWNER.SYSTEM_APPLICATION (APPLICATION_ID, SYSTEM_ID) values (1, 820);
insert into SRM_OWNER.SYSTEM_APPLICATION (APPLICATION_ID, SYSTEM_ID) values (1, 821);
insert into SRM_OWNER.SYSTEM_APPLICATION (APPLICATION_ID, SYSTEM_ID) values (1, 822);
insert into SRM_OWNER.SYSTEM_APPLICATION (APPLICATION_ID, SYSTEM_ID) values (1, 823);
insert into SRM_OWNER.SYSTEM_APPLICATION (APPLICATION_ID, SYSTEM_ID) values (1, 824);
insert into SRM_OWNER.SYSTEM_APPLICATION (APPLICATION_ID, SYSTEM_ID) values (1, 825);
insert into SRM_OWNER.SYSTEM_APPLICATION (APPLICATION_ID, SYSTEM_ID) values (1, 826);
insert into SRM_OWNER.SYSTEM_APPLICATION (APPLICATION_ID, SYSTEM_ID) values (1, 827);
insert into SRM_OWNER.SYSTEM_APPLICATION (APPLICATION_ID, SYSTEM_ID) values (1, 829);
insert into SRM_OWNER.SYSTEM_APPLICATION (APPLICATION_ID, SYSTEM_ID) values (1, 830);
insert into SRM_OWNER.SYSTEM_APPLICATION (APPLICATION_ID, SYSTEM_ID) values (1, 831);
insert into SRM_OWNER.SYSTEM_APPLICATION (APPLICATION_ID, SYSTEM_ID) values (1, 838);
insert into SRM_OWNER.SYSTEM_APPLICATION (APPLICATION_ID, SYSTEM_ID) values (1, 839);
insert into SRM_OWNER.SYSTEM_APPLICATION (APPLICATION_ID, SYSTEM_ID) values (1, 840);
insert into SRM_OWNER.SYSTEM_APPLICATION (APPLICATION_ID, SYSTEM_ID) values (1, 841);
insert into SRM_OWNER.SYSTEM_APPLICATION (APPLICATION_ID, SYSTEM_ID) values (1, 876);
insert into SRM_OWNER.SYSTEM_APPLICATION (APPLICATION_ID, SYSTEM_ID) values (1, 877);
insert into SRM_OWNER.SYSTEM_APPLICATION (APPLICATION_ID, SYSTEM_ID) values (1, 896);
insert into SRM_OWNER.SYSTEM_APPLICATION (APPLICATION_ID, SYSTEM_ID) values (1, 918);
insert into SRM_OWNER.SYSTEM_APPLICATION (APPLICATION_ID, SYSTEM_ID) values (1, 936);
insert into SRM_OWNER.SYSTEM_APPLICATION (APPLICATION_ID, SYSTEM_ID) values (1, 937);
insert into SRM_OWNER.SYSTEM_APPLICATION (APPLICATION_ID, SYSTEM_ID) values (1, 938);
insert into SRM_OWNER.SYSTEM_APPLICATION (APPLICATION_ID, SYSTEM_ID) values (1, 939);
insert into SRM_OWNER.SYSTEM_APPLICATION (APPLICATION_ID, SYSTEM_ID) values (1, 940);
insert into SRM_OWNER.SYSTEM_APPLICATION (APPLICATION_ID, SYSTEM_ID) values (1, 941);
insert into SRM_OWNER.SYSTEM_APPLICATION (APPLICATION_ID, SYSTEM_ID) values (1, 942);
insert into SRM_OWNER.SYSTEM_APPLICATION (APPLICATION_ID, SYSTEM_ID) values (1, 943);
insert into SRM_OWNER.SYSTEM_APPLICATION (APPLICATION_ID, SYSTEM_ID) values (1, 944);
insert into SRM_OWNER.SYSTEM_APPLICATION (APPLICATION_ID, SYSTEM_ID) values (1, 945);
insert into SRM_OWNER.SYSTEM_APPLICATION (APPLICATION_ID, SYSTEM_ID) values (1, 946);
insert into SRM_OWNER.SYSTEM_APPLICATION (APPLICATION_ID, SYSTEM_ID) values (1, 947);
insert into SRM_OWNER.SYSTEM_APPLICATION (APPLICATION_ID, SYSTEM_ID) values (1, 948);
insert into SRM_OWNER.SYSTEM_APPLICATION (APPLICATION_ID, SYSTEM_ID) values (1, 949);
insert into SRM_OWNER.SYSTEM_APPLICATION (APPLICATION_ID, SYSTEM_ID) values (1, 950);
insert into SRM_OWNER.SYSTEM_APPLICATION (APPLICATION_ID, SYSTEM_ID) values (1, 951);
insert into SRM_OWNER.SYSTEM_APPLICATION (APPLICATION_ID, SYSTEM_ID) values (1, 952);
insert into SRM_OWNER.SYSTEM_APPLICATION (APPLICATION_ID, SYSTEM_ID) values (1, 955);
insert into SRM_OWNER.SYSTEM_APPLICATION (APPLICATION_ID, SYSTEM_ID) values (1, 957);
insert into SRM_OWNER.SYSTEM_APPLICATION (APPLICATION_ID, SYSTEM_ID) values (1, 958);
insert into SRM_OWNER.SYSTEM_APPLICATION (APPLICATION_ID, SYSTEM_ID) values (1, 959);
insert into SRM_OWNER.SYSTEM_APPLICATION (APPLICATION_ID, SYSTEM_ID) values (1, 960);
insert into SRM_OWNER.SYSTEM_APPLICATION (APPLICATION_ID, SYSTEM_ID) values (1, 961);
insert into SRM_OWNER.SYSTEM_APPLICATION (APPLICATION_ID, SYSTEM_ID) values (1, 962);
insert into SRM_OWNER.SYSTEM_APPLICATION (APPLICATION_ID, SYSTEM_ID) values (1, 963);
insert into SRM_OWNER.SYSTEM_APPLICATION (APPLICATION_ID, SYSTEM_ID) values (1, 964);
insert into SRM_OWNER.SYSTEM_APPLICATION (APPLICATION_ID, SYSTEM_ID) values (1, 965);
insert into SRM_OWNER.SYSTEM_APPLICATION (APPLICATION_ID, SYSTEM_ID) values (1, 966);
insert into SRM_OWNER.SYSTEM_APPLICATION (APPLICATION_ID, SYSTEM_ID) values (1, 967);
insert into SRM_OWNER.SYSTEM_APPLICATION (APPLICATION_ID, SYSTEM_ID) values (1, 968);
insert into SRM_OWNER.SYSTEM_APPLICATION (APPLICATION_ID, SYSTEM_ID) values (1, 969);
insert into SRM_OWNER.SYSTEM_APPLICATION (APPLICATION_ID, SYSTEM_ID) values (1, 970);
insert into SRM_OWNER.SYSTEM_APPLICATION (APPLICATION_ID, SYSTEM_ID) values (1, 971);
insert into SRM_OWNER.SYSTEM_APPLICATION (APPLICATION_ID, SYSTEM_ID) values (1, 972);
insert into SRM_OWNER.SYSTEM_APPLICATION (APPLICATION_ID, SYSTEM_ID) values (1, 973);
insert into SRM_OWNER.SYSTEM_APPLICATION (APPLICATION_ID, SYSTEM_ID) values (1, 974);
insert into SRM_OWNER.SYSTEM_APPLICATION (APPLICATION_ID, SYSTEM_ID) values (1, 975);
insert into SRM_OWNER.SYSTEM_APPLICATION (APPLICATION_ID, SYSTEM_ID) values (1, 976);
insert into SRM_OWNER.SYSTEM_APPLICATION (APPLICATION_ID, SYSTEM_ID) values (1, 977);
insert into SRM_OWNER.SYSTEM_APPLICATION (APPLICATION_ID, SYSTEM_ID) values (1, 978);
insert into SRM_OWNER.SYSTEM_APPLICATION (APPLICATION_ID, SYSTEM_ID) values (1, 979);
insert into SRM_OWNER.SYSTEM_APPLICATION (APPLICATION_ID, SYSTEM_ID) values (1, 982);
insert into SRM_OWNER.SYSTEM_APPLICATION (APPLICATION_ID, SYSTEM_ID) values (1, 984);
insert into SRM_OWNER.SYSTEM_APPLICATION (APPLICATION_ID, SYSTEM_ID) values (1, 985);
insert into SRM_OWNER.SYSTEM_APPLICATION (APPLICATION_ID, SYSTEM_ID) values (1, 986);
insert into SRM_OWNER.SYSTEM_APPLICATION (APPLICATION_ID, SYSTEM_ID) values (1, 987);
insert into SRM_OWNER.SYSTEM_APPLICATION (APPLICATION_ID, SYSTEM_ID) values (1, 988);
insert into SRM_OWNER.SYSTEM_APPLICATION (APPLICATION_ID, SYSTEM_ID) values (1, 991);
insert into SRM_OWNER.SYSTEM_APPLICATION (APPLICATION_ID, SYSTEM_ID) values (1, 992);
insert into SRM_OWNER.SYSTEM_APPLICATION (APPLICATION_ID, SYSTEM_ID) values (1, 993);
insert into SRM_OWNER.SYSTEM_APPLICATION (APPLICATION_ID, SYSTEM_ID) values (1, 994);
insert into SRM_OWNER.SYSTEM_APPLICATION (APPLICATION_ID, SYSTEM_ID) values (1, 995);
insert into SRM_OWNER.SYSTEM_APPLICATION (APPLICATION_ID, SYSTEM_ID) values (1, 996);
insert into SRM_OWNER.SYSTEM_APPLICATION (APPLICATION_ID, SYSTEM_ID) values (1, 997);
insert into SRM_OWNER.SYSTEM_APPLICATION (APPLICATION_ID, SYSTEM_ID) values (1, 999);
insert into SRM_OWNER.SYSTEM_APPLICATION (APPLICATION_ID, SYSTEM_ID) values (1, 1016);
insert into SRM_OWNER.SYSTEM_APPLICATION (APPLICATION_ID, SYSTEM_ID) values (1, 1036);
insert into SRM_OWNER.SYSTEM_APPLICATION (APPLICATION_ID, SYSTEM_ID) values (1, 1076);
insert into SRM_OWNER.SYSTEM_APPLICATION (APPLICATION_ID, SYSTEM_ID) values (1, 1116);
insert into SRM_OWNER.SYSTEM_APPLICATION (APPLICATION_ID, SYSTEM_ID) values (1, 1136);
insert into SRM_OWNER.SYSTEM_APPLICATION (APPLICATION_ID, SYSTEM_ID) values (1, 1180);
insert into SRM_OWNER.SYSTEM_APPLICATION (APPLICATION_ID, SYSTEM_ID) values (1, 1181);
insert into SRM_OWNER.SYSTEM_APPLICATION (APPLICATION_ID, SYSTEM_ID) values (1, 1182);
insert into SRM_OWNER.SYSTEM_APPLICATION (APPLICATION_ID, SYSTEM_ID) values (1, 1183);
insert into SRM_OWNER.SYSTEM_APPLICATION (APPLICATION_ID, SYSTEM_ID) values (1, 1197);
insert into SRM_OWNER.SYSTEM_APPLICATION (APPLICATION_ID, SYSTEM_ID) values (1, 1198);
insert into SRM_OWNER.SYSTEM_APPLICATION (APPLICATION_ID, SYSTEM_ID) values (1, 1199);
insert into SRM_OWNER.SYSTEM_APPLICATION (APPLICATION_ID, SYSTEM_ID) values (1, 1200);
insert into SRM_OWNER.SYSTEM_APPLICATION (APPLICATION_ID, SYSTEM_ID) values (1, 1216);
insert into SRM_OWNER.SYSTEM_APPLICATION (APPLICATION_ID, SYSTEM_ID) values (1, 1236);
insert into SRM_OWNER.SYSTEM_APPLICATION (APPLICATION_ID, SYSTEM_ID) values (1, 1244);
insert into SRM_OWNER.SYSTEM_APPLICATION (APPLICATION_ID, SYSTEM_ID) values (1, 1245);
insert into SRM_OWNER.SYSTEM_APPLICATION (APPLICATION_ID, SYSTEM_ID) values (1, 1246);
insert into SRM_OWNER.SYSTEM_APPLICATION (APPLICATION_ID, SYSTEM_ID) values (1, 1247);
insert into SRM_OWNER.SYSTEM_APPLICATION (APPLICATION_ID, SYSTEM_ID) values (1, 1249);
insert into SRM_OWNER.SYSTEM_APPLICATION (APPLICATION_ID, SYSTEM_ID) values (1, 1250);
insert into SRM_OWNER.SYSTEM_APPLICATION (APPLICATION_ID, SYSTEM_ID) values (1, 1251);
insert into SRM_OWNER.SYSTEM_APPLICATION (APPLICATION_ID, SYSTEM_ID) values (1, 1252);
insert into SRM_OWNER.SYSTEM_APPLICATION (APPLICATION_ID, SYSTEM_ID) values (1, 1253);
insert into SRM_OWNER.SYSTEM_APPLICATION (APPLICATION_ID, SYSTEM_ID) values (1, 1255);
insert into SRM_OWNER.SYSTEM_APPLICATION (APPLICATION_ID, SYSTEM_ID) values (1, 1276);
insert into SRM_OWNER.SYSTEM_APPLICATION (APPLICATION_ID, SYSTEM_ID) values (1, 1277);
insert into SRM_OWNER.SYSTEM_APPLICATION (APPLICATION_ID, SYSTEM_ID) values (1, 1279);
insert into SRM_OWNER.SYSTEM_APPLICATION (APPLICATION_ID, SYSTEM_ID) values (1, 1280);
insert into SRM_OWNER.SYSTEM_APPLICATION (APPLICATION_ID, SYSTEM_ID) values (1, 1281);
insert into SRM_OWNER.SYSTEM_APPLICATION (APPLICATION_ID, SYSTEM_ID) values (1, 1282);
insert into SRM_OWNER.SYSTEM_APPLICATION (APPLICATION_ID, SYSTEM_ID) values (1, 1283);
insert into SRM_OWNER.SYSTEM_APPLICATION (APPLICATION_ID, SYSTEM_ID) values (1, 1284);
insert into SRM_OWNER.SYSTEM_APPLICATION (APPLICATION_ID, SYSTEM_ID) values (1, 1285);
insert into SRM_OWNER.SYSTEM_APPLICATION (APPLICATION_ID, SYSTEM_ID) values (1, 1288);
insert into SRM_OWNER.SYSTEM_APPLICATION (APPLICATION_ID, SYSTEM_ID) values (1, 1289);
insert into SRM_OWNER.SYSTEM_APPLICATION (APPLICATION_ID, SYSTEM_ID) values (1, 1298);
insert into SRM_OWNER.SYSTEM_APPLICATION (APPLICATION_ID, SYSTEM_ID) values (1, 1316);
insert into SRM_OWNER.SYSTEM_APPLICATION (APPLICATION_ID, SYSTEM_ID) values (1, 1317);
insert into SRM_OWNER.SYSTEM_APPLICATION (APPLICATION_ID, SYSTEM_ID) values (1, 1318);
insert into SRM_OWNER.SYSTEM_APPLICATION (APPLICATION_ID, SYSTEM_ID) values (1, 1319);
insert into SRM_OWNER.SYSTEM_APPLICATION (APPLICATION_ID, SYSTEM_ID) values (1, 1322);
insert into SRM_OWNER.SYSTEM_APPLICATION (APPLICATION_ID, SYSTEM_ID) values (1, 1323);
insert into SRM_OWNER.SYSTEM_APPLICATION (APPLICATION_ID, SYSTEM_ID) values (1, 1324);
insert into SRM_OWNER.SYSTEM_APPLICATION (APPLICATION_ID, SYSTEM_ID) values (1, 1325);
insert into SRM_OWNER.SYSTEM_APPLICATION (APPLICATION_ID, SYSTEM_ID) values (1, 1326);
insert into SRM_OWNER.SYSTEM_APPLICATION (APPLICATION_ID, SYSTEM_ID) values (1, 1327);
insert into SRM_OWNER.SYSTEM_APPLICATION (APPLICATION_ID, SYSTEM_ID) values (1, 1328);
insert into SRM_OWNER.SYSTEM_APPLICATION (APPLICATION_ID, SYSTEM_ID) values (1, 1329);
insert into SRM_OWNER.SYSTEM_APPLICATION (APPLICATION_ID, SYSTEM_ID) values (1, 1332);
insert into SRM_OWNER.SYSTEM_APPLICATION (APPLICATION_ID, SYSTEM_ID) values (1, 1333);
insert into SRM_OWNER.SYSTEM_APPLICATION (APPLICATION_ID, SYSTEM_ID) values (1, 1337);
insert into SRM_OWNER.SYSTEM_APPLICATION (APPLICATION_ID, SYSTEM_ID) values (1, 1338);
insert into SRM_OWNER.SYSTEM_APPLICATION (APPLICATION_ID, SYSTEM_ID) values (1, 1339);
insert into SRM_OWNER.SYSTEM_APPLICATION (APPLICATION_ID, SYSTEM_ID) values (1, 1340);
insert into SRM_OWNER.SYSTEM_APPLICATION (APPLICATION_ID, SYSTEM_ID) values (1, 1341);
insert into SRM_OWNER.SYSTEM_APPLICATION (APPLICATION_ID, SYSTEM_ID) values (1, 1342);
insert into SRM_OWNER.SYSTEM_APPLICATION (APPLICATION_ID, SYSTEM_ID) values (1, 1343);
insert into SRM_OWNER.SYSTEM_APPLICATION (APPLICATION_ID, SYSTEM_ID) values (1, 1345);
insert into SRM_OWNER.SYSTEM_APPLICATION (APPLICATION_ID, SYSTEM_ID) values (1, 1346);
insert into SRM_OWNER.SYSTEM_APPLICATION (APPLICATION_ID, SYSTEM_ID) values (1, 1347);
insert into SRM_OWNER.SYSTEM_APPLICATION (APPLICATION_ID, SYSTEM_ID) values (1, 1348);
insert into SRM_OWNER.SYSTEM_APPLICATION (APPLICATION_ID, SYSTEM_ID) values (1, 1349);
insert into SRM_OWNER.SYSTEM_APPLICATION (APPLICATION_ID, SYSTEM_ID) values (1, 1350);
insert into SRM_OWNER.SYSTEM_APPLICATION (APPLICATION_ID, SYSTEM_ID) values (1, 1351);
insert into SRM_OWNER.SYSTEM_APPLICATION (APPLICATION_ID, SYSTEM_ID) values (1, 1352);
insert into SRM_OWNER.SYSTEM_APPLICATION (APPLICATION_ID, SYSTEM_ID) values (1, 1353);
insert into SRM_OWNER.SYSTEM_APPLICATION (APPLICATION_ID, SYSTEM_ID) values (1, 1354);
insert into SRM_OWNER.SYSTEM_APPLICATION (APPLICATION_ID, SYSTEM_ID) values (1, 1355);
insert into SRM_OWNER.SYSTEM_APPLICATION (APPLICATION_ID, SYSTEM_ID) values (1, 1365);
insert into SRM_OWNER.SYSTEM_APPLICATION (APPLICATION_ID, SYSTEM_ID) values (1, 1385);
insert into SRM_OWNER.SYSTEM_APPLICATION (APPLICATION_ID, SYSTEM_ID) values (1, 1405);
insert into SRM_OWNER.SYSTEM_APPLICATION (APPLICATION_ID, SYSTEM_ID) values (1, 1406);
insert into SRM_OWNER.SYSTEM_APPLICATION (APPLICATION_ID, SYSTEM_ID) values (1, 1407);
insert into SRM_OWNER.SYSTEM_APPLICATION (APPLICATION_ID, SYSTEM_ID) values (1, 1408);
insert into SRM_OWNER.SYSTEM_APPLICATION (APPLICATION_ID, SYSTEM_ID) values (1, 1425);
insert into SRM_OWNER.SYSTEM_APPLICATION (APPLICATION_ID, SYSTEM_ID) values (1, 1426);
insert into SRM_OWNER.SYSTEM_APPLICATION (APPLICATION_ID, SYSTEM_ID) values (1, 1427);
insert into SRM_OWNER.SYSTEM_APPLICATION (APPLICATION_ID, SYSTEM_ID) values (1, 1445);
insert into SRM_OWNER.SYSTEM_APPLICATION (APPLICATION_ID, SYSTEM_ID) values (1, 1447);
insert into SRM_OWNER.SYSTEM_APPLICATION (APPLICATION_ID, SYSTEM_ID) values (1, 1465);
insert into SRM_OWNER.SYSTEM_APPLICATION (APPLICATION_ID, SYSTEM_ID) values (1, 1466);
insert into SRM_OWNER.SYSTEM_APPLICATION (APPLICATION_ID, SYSTEM_ID) values (1, 1467);
insert into SRM_OWNER.SYSTEM_APPLICATION (APPLICATION_ID, SYSTEM_ID) values (1, 1468);
insert into SRM_OWNER.SYSTEM_APPLICATION (APPLICATION_ID, SYSTEM_ID) values (1, 1469);
insert into SRM_OWNER.SYSTEM_APPLICATION (APPLICATION_ID, SYSTEM_ID) values (1, 1470);
insert into SRM_OWNER.SYSTEM_APPLICATION (APPLICATION_ID, SYSTEM_ID) values (1, 1471);
insert into SRM_OWNER.SYSTEM_APPLICATION (APPLICATION_ID, SYSTEM_ID) values (1, 1472);
insert into SRM_OWNER.SYSTEM_APPLICATION (APPLICATION_ID, SYSTEM_ID) values (1, 1473);
insert into SRM_OWNER.SYSTEM_APPLICATION (APPLICATION_ID, SYSTEM_ID) values (1, 1474);
insert into SRM_OWNER.SYSTEM_APPLICATION (APPLICATION_ID, SYSTEM_ID) values (1, 1475);
insert into SRM_OWNER.SYSTEM_APPLICATION (APPLICATION_ID, SYSTEM_ID) values (1, 1476);
insert into SRM_OWNER.SYSTEM_APPLICATION (APPLICATION_ID, SYSTEM_ID) values (1, 1485);
insert into SRM_OWNER.SYSTEM_APPLICATION (APPLICATION_ID, SYSTEM_ID) values (1, 1486);
insert into SRM_OWNER.SYSTEM_APPLICATION (APPLICATION_ID, SYSTEM_ID) values (1, 1487);
insert into SRM_OWNER.SYSTEM_APPLICATION (APPLICATION_ID, SYSTEM_ID) values (1, 1488);
insert into SRM_OWNER.SYSTEM_APPLICATION (APPLICATION_ID, SYSTEM_ID) values (1, 1489);
insert into SRM_OWNER.SYSTEM_APPLICATION (APPLICATION_ID, SYSTEM_ID) values (1, 1490);
insert into SRM_OWNER.SYSTEM_APPLICATION (APPLICATION_ID, SYSTEM_ID) values (1, 1491);
insert into SRM_OWNER.SYSTEM_APPLICATION (APPLICATION_ID, SYSTEM_ID) values (1, 1505);
insert into SRM_OWNER.SYSTEM_APPLICATION (APPLICATION_ID, SYSTEM_ID) values (1, 1506);
insert into SRM_OWNER.SYSTEM_APPLICATION (APPLICATION_ID, SYSTEM_ID) values (1, 1507);
insert into SRM_OWNER.SYSTEM_APPLICATION (APPLICATION_ID, SYSTEM_ID) values (1, 1508);
insert into SRM_OWNER.SYSTEM_APPLICATION (APPLICATION_ID, SYSTEM_ID) values (1, 1509);
insert into SRM_OWNER.SYSTEM_APPLICATION (APPLICATION_ID, SYSTEM_ID) values (1, 1510);
insert into SRM_OWNER.SYSTEM_APPLICATION (APPLICATION_ID, SYSTEM_ID) values (1, 1525);
insert into SRM_OWNER.SYSTEM_APPLICATION (APPLICATION_ID, SYSTEM_ID) values (1, 1545);
insert into SRM_OWNER.SYSTEM_APPLICATION (APPLICATION_ID, SYSTEM_ID) values (1, 1566);
insert into SRM_OWNER.SYSTEM_APPLICATION (APPLICATION_ID, SYSTEM_ID) values (1, 1585);
insert into SRM_OWNER.SYSTEM_APPLICATION (APPLICATION_ID, SYSTEM_ID) values (1, 1605);
insert into SRM_OWNER.SYSTEM_APPLICATION (APPLICATION_ID, SYSTEM_ID) values (1, 1606);
insert into SRM_OWNER.SYSTEM_APPLICATION (APPLICATION_ID, SYSTEM_ID) values (1, 1607);
insert into SRM_OWNER.SYSTEM_APPLICATION (APPLICATION_ID, SYSTEM_ID) values (1, 1608);
insert into SRM_OWNER.SYSTEM_APPLICATION (APPLICATION_ID, SYSTEM_ID) values (1, 1645);
insert into SRM_OWNER.SYSTEM_APPLICATION (APPLICATION_ID, SYSTEM_ID) values (1, 1646);
insert into SRM_OWNER.SYSTEM_APPLICATION (APPLICATION_ID, SYSTEM_ID) values (1, 1647);
insert into SRM_OWNER.SYSTEM_APPLICATION (APPLICATION_ID, SYSTEM_ID) values (1, 1648);
insert into SRM_OWNER.SYSTEM_APPLICATION (APPLICATION_ID, SYSTEM_ID) values (1, 1649);
insert into SRM_OWNER.SYSTEM_APPLICATION (APPLICATION_ID, SYSTEM_ID) values (1, 1705);
insert into SRM_OWNER.SYSTEM_APPLICATION (APPLICATION_ID, SYSTEM_ID) values (1, 1745);
insert into SRM_OWNER.SYSTEM_APPLICATION (APPLICATION_ID, SYSTEM_ID) values (1, 1765);
insert into SRM_OWNER.SYSTEM_APPLICATION (APPLICATION_ID, SYSTEM_ID) values (1, 1785);
insert into SRM_OWNER.SYSTEM_APPLICATION (APPLICATION_ID, SYSTEM_ID) values (1, 1786);
